No,Demand (MW)
1,590
2,470
3,585
4,650
5,660
6,590
7,470
8,585
9,650
10,660
11,590
12,470
13,585
14,650
15,660
16,590
17,470
18,585
19,650
20,660
21,590
22,470
23,585
24,650
25,660
26,590
27,470
28,585
29,650
30,660
31,590
32,470
33,585
34,650
35,660
36,590
37,470
38,585
39,650
40,660
41,590
42,470
43,585
44,650
45,660
46,590
47,470
48,585
49,650
50,660
51,590
52,470
53,585
54,650
55,660
56,590
57,470
58,585
59,650
60,660
61,590
62,470
63,585
64,650
65,660
66,590
67,470
68,585
69,650
70,660
71,590
72,470
73,585
74,650
75,660
76,590
77,470
78,585
79,650
80,660
81,590
82,470
83,585
84,650
85,660
86,590
87,470
88,585
89,650
90,660
91,590
92,470
93,585
94,650
95,660
96,590
97,470
98,585
99,650
100,660
101,590
102,470
103,585
104,650
105,660
106,590
107,470
108,585
109,650
110,660
111,590
112,470
113,585
114,650
115,660
116,590
117,470
118,585
119,650
120,660
121,590
122,470
123,585
124,650
125,660
126,590
127,470
128,585
129,650
130,660
131,590
132,470
133,585
134,650
135,660
136,590
137,470
138,585
139,650
140,660
141,590
142,470
143,585
144,650
145,660
146,590
147,470
148,585
149,650
150,660
151,590
152,470
153,585
154,650
155,660
156,590
157,470
158,585
159,650
160,660
161,590
162,470
163,585
164,650
165,660
166,590
167,470
168,585
169,650
170,660
171,590
172,470
173,585
174,650
175,660
176,590
177,470
178,585
179,650
180,660
181,590
182,470
183,585
184,650
185,660
186,590
187,470
188,585
189,650
190,660
191,590
192,470
193,585
194,650
195,660
196,590
197,470
198,585
199,650
200,660
201,590
202,470
203,585
204,650
205,660
206,590
207,470
208,585
209,650
210,660
211,590
212,470
213,585
214,650
215,660
216,590
217,470
218,585
219,650
220,660
221,590
222,470
223,585
224,650
225,660
226,590
227,470
228,585
229,650
230,660
231,590
232,470
233,585
234,650
235,660
236,590
237,470
238,585
239,650
240,660
241,590
242,470
243,585
244,650
245,660
246,590
247,470
248,585
249,650
250,660
251,590
252,470
253,585
254,650
255,660
256,590
257,470
258,585
259,650
260,660
261,590
262,470
263,585
264,650
265,660
266,590
267,470
268,585
269,650
270,660
271,590
272,470
273,585
274,650
275,660
276,590
277,470
278,585
279,650
280,660
281,590
282,470
283,585
284,650
285,660
286,590
287,470
288,585
289,650
290,660
291,590
292,470
293,585
294,650
295,660
296,590
297,470
298,585
299,650
300,660
301,590
302,470
303,585
304,650
305,660
306,590
307,470
308,585
309,650
310,660
311,590
312,470
313,585
314,650
315,660
316,590
317,470
318,585
319,650
320,660
321,590
322,470
323,585
324,650
325,660
326,590
327,470
328,585
329,650
330,660
331,590
332,470
333,585
334,650
335,660
336,590
337,470
338,585
339,650
340,660
341,590
342,470
343,585
344,650
345,660
346,590
347,470
348,585
349,650
350,660
351,590
352,470
353,585
354,650
355,660
356,590
357,470
358,585
359,650
360,660
361,590
362,470
363,585
364,650
365,660
366,590
367,470
368,585
369,650
370,660
371,590
372,470
373,585
374,650
375,660
376,590
377,470
378,585
379,650
380,660
381,590
382,470
383,585
384,650
385,660
386,590
387,470
388,585
389,650
390,660
391,590
392,470
393,585
394,650
395,660
396,590
397,470
398,585
399,650
400,660
401,590
402,470
403,585
404,650
405,660
406,590
407,470
408,585
409,650
410,660
411,590
412,470
413,585
414,650
415,660
416,590
417,470
418,585
419,650
420,660
421,590
422,470
423,585
424,650
425,660
426,590
427,470
428,585
429,650
430,660
431,590
432,470
433,585
434,650
435,660
436,590
437,470
438,585
439,650
440,660
441,590
442,470
443,585
444,650
445,660
446,590
447,470
448,585
449,650
450,660
451,590
452,470
453,585
454,650
455,660
456,590
457,470
458,585
459,650
460,660
461,590
462,470
463,585
464,650
465,660
466,590
467,470
468,585
469,650
470,660
471,590
472,470
473,585
474,650
475,660
476,590
477,470
478,585
479,650
480,660
481,590
482,470
483,585
484,650
485,660
486,590
487,470
488,585
489,650
490,660
491,590
492,470
493,585
494,650
495,660
496,590
497,470
498,585
499,650
500,660
501,590
502,470
503,585
504,650
505,660
506,590
507,470
508,585
509,650
510,660
511,590
512,470
513,585
514,650
515,660
516,590
517,470
518,585
519,650
520,660
521,590
522,470
523,585
524,650
525,660
526,590
527,470
528,585
529,650
530,660
531,590
532,470
533,585
534,650
535,660
536,590
537,470
538,585
539,650
540,660
541,590
542,470
543,585
544,650
545,660
546,590
547,470
548,585
549,650
550,660
551,590
552,470
553,585
554,650
555,660
556,590
557,470
558,585
559,650
560,660
561,590
562,470
563,585
564,650
565,660
566,590
567,470
568,585
569,650
570,660
571,590
572,470
573,585
574,650
575,660
576,590
577,470
578,585
579,650
580,660
581,590
582,470
583,585
584,650
585,660
586,590
587,470
588,585
589,650
590,660
591,590
592,470
593,585
594,650
595,660
596,590
597,470
598,585
599,650
600,660
601,590
602,470
603,585
604,650
605,660
606,590
607,470
608,585
609,650
610,660
611,590
612,470
613,585
614,650
615,660
616,590
617,470
618,585
619,650
620,660
621,590
622,470
623,585
624,650
625,660
626,590
627,470
628,585
629,650
630,660
631,590
632,470
633,585
634,650
635,660
636,590
637,470
638,585
639,650
640,660
641,590
642,470
643,585
644,650
645,660
646,590
647,470
648,585
649,650
650,660
651,590
652,470
653,585
654,650
655,660
656,590
657,470
658,585
659,650
660,660
661,590
662,470
663,585
664,650
665,660
666,590
667,470
668,585
669,650
670,660
671,590
672,470
673,585
674,650
675,660
676,590
677,470
678,585
679,650
680,660
681,590
682,470
683,585
684,650
685,660
686,590
687,470
688,585
689,650
690,660
691,590
692,470
693,585
694,650
695,660
696,590
697,470
698,585
699,650
700,660
701,590
702,470
703,585
704,650
705,660
706,590
707,470
708,585
709,650
710,660
711,590
712,470
713,585
714,650
715,660
716,590
717,470
718,585
719,650
720,660
721,590
722,470
723,585
724,650
725,660
726,590
727,470
728,585
729,650
730,660
731,590
732,470
733,585
734,650
735,660
736,590
737,470
738,585
739,650
740,660
741,590
742,470
743,585
744,650
745,660
746,590
747,470
748,585
749,650
750,660
751,590
752,470
753,585
754,650
755,660
756,590
757,470
758,585
759,650
760,660
761,590
762,470
763,585
764,650
765,660
766,590
767,470
768,585
769,650
770,660
771,590
772,470
773,585
774,650
775,660
776,590
777,470
778,585
779,650
780,660
781,590
782,470
783,585
784,650
785,660
786,590
787,470
788,585
789,650
790,660
791,590
792,470
793,585
794,650
795,660
796,590
797,470
798,585
799,650
800,660
801,590
802,470
803,585
804,650
805,660
806,590
807,470
808,585
809,650
810,660
811,590
812,470
813,585
814,650
815,660
816,590
817,470
818,585
819,650
820,660
821,590
822,470
823,585
824,650
825,660
826,590
827,470
828,585
829,650
830,660
831,590
832,470
833,585
834,650
835,660
836,590
837,470
838,585
839,650
840,660
841,590
842,470
843,585
844,650
845,660
846,590
847,470
848,585
849,650
850,660
851,590
852,470
853,585
854,650
855,660
856,590
857,470
858,585
859,650
860,660
861,590
862,470
863,585
864,650
865,660
866,590
867,470
868,585
869,650
870,660
871,590
872,470
873,585
874,650
875,660
876,590
877,470
878,585
879,650
880,660
881,590
882,470
883,585
884,650
885,660
886,590
887,470
888,585
889,650
890,660
891,590
892,470
893,585
894,650
895,660
896,590
897,470
898,585
899,650
900,660
901,590
902,470
903,585
904,650
905,660
906,590
907,470
908,585
909,650
910,660
911,590
912,470
913,585
914,650
915,660
916,590
917,470
918,585
919,650
920,660
921,590
922,470
923,585
924,650
925,660
926,590
927,470
928,585
929,650
930,660
931,590
932,470
933,585
934,650
935,660
936,590
937,470
938,585
939,650
940,660
941,590
942,470
943,585
944,650
945,660
946,590
947,470
948,585
949,650
950,660
951,590
952,470
953,585
954,650
955,660
956,590
957,470
958,585
959,650
960,660
961,590
962,470
963,585
964,650
965,660
966,590
967,470
968,585
969,650
970,660
971,590
972,470
973,585
974,650
975,660
976,590
977,470
978,585
979,650
980,660
981,590
982,470
983,585
984,650
985,660
986,590
987,470
988,585
989,650
990,660
991,590
992,470
993,585
994,650
995,660
996,590
997,470
998,585
999,650
1000,660
1001,590
1002,470
1003,585
1004,650
1005,660
1006,590
1007,470
1008,585
1009,650
1010,660
1011,590
1012,470
1013,585
1014,650
1015,660
1016,590
1017,470
1018,585
1019,650
1020,660
1021,590
1022,470
1023,585
1024,650
1025,660
1026,590
1027,470
1028,585
1029,650
1030,660
1031,590
1032,470
1033,585
1034,650
1035,660
1036,590
1037,470
1038,585
1039,650
1040,660
1041,590
1042,470
1043,585
1044,650
1045,660
1046,590
1047,470
1048,585
1049,650
1050,660
1051,590
1052,470
1053,585
1054,650
1055,660
1056,590
1057,470
1058,585
1059,650
1060,660
1061,590
1062,470
1063,585
1064,650
1065,660
1066,590
1067,470
1068,585
1069,650
1070,660
1071,590
1072,470
1073,585
1074,650
1075,660
1076,590
1077,470
1078,585
1079,650
1080,660
1081,590
1082,470
1083,585
1084,650
1085,660
1086,590
1087,470
1088,585
1089,650
1090,660
1091,590
1092,470
1093,585
1094,650
1095,660
1096,590
1097,470
1098,585
1099,650
1100,660
1101,590
1102,470
1103,585
1104,650
1105,660
1106,590
1107,470
1108,585
1109,650
1110,660
1111,590
1112,470
1113,585
1114,650
1115,660
1116,590
1117,470
1118,585
1119,650
1120,660
1121,590
1122,470
1123,585
1124,650
1125,660
1126,590
1127,470
1128,585
1129,650
1130,660
1131,590
1132,470
1133,585
1134,650
1135,660
1136,590
1137,470
1138,585
1139,650
1140,660
1141,590
1142,470
1143,585
1144,650
1145,660
1146,590
1147,470
1148,585
1149,650
1150,660
1151,590
1152,470
1153,585
1154,650
1155,660
1156,590
1157,470
1158,585
1159,650
1160,660
1161,590
1162,470
1163,585
1164,650
1165,660
1166,590
1167,470
1168,585
1169,650
1170,660
1171,590
1172,470
1173,585
1174,650
1175,660
1176,590
1177,470
1178,585
1179,650
1180,660
1181,590
1182,470
1183,585
1184,650
1185,660
1186,590
1187,470
1188,585
1189,650
1190,660
1191,590
1192,470
1193,585
1194,650
1195,660
1196,590
1197,470
1198,585
1199,650
1200,660
1201,590
1202,470
1203,585
1204,650
1205,660
1206,590
1207,470
1208,585
1209,650
1210,660
1211,590
1212,470
1213,585
1214,650
1215,660
1216,590
1217,470
1218,585
1219,650
1220,660
1221,590
1222,470
1223,585
1224,650
1225,660
1226,590
1227,470
1228,585
1229,650
1230,660
1231,590
1232,470
1233,585
1234,650
1235,660
1236,590
1237,470
1238,585
1239,650
1240,660
1241,590
1242,470
1243,585
1244,650
1245,660
1246,590
1247,470
1248,585
1249,650
1250,660
1251,590
1252,470
1253,585
1254,650
1255,660
1256,590
1257,470
1258,585
1259,650
1260,660
1261,590
1262,470
1263,585
1264,650
1265,660
1266,590
1267,470
1268,585
1269,650
1270,660
1271,590
1272,470
1273,585
1274,650
1275,660
1276,590
1277,470
1278,585
1279,650
1280,660
1281,590
1282,470
1283,585
1284,650
1285,660
1286,590
1287,470
1288,585
1289,650
1290,660
1291,590
1292,470
1293,585
1294,650
1295,660
1296,590
1297,470
1298,585
1299,650
1300,660
1301,590
1302,470
1303,585
1304,650
1305,660
1306,590
1307,470
1308,585
1309,650
1310,660
1311,590
1312,470
1313,585
1314,650
1315,660
1316,590
1317,470
1318,585
1319,650
1320,660
1321,590
1322,470
1323,585
1324,650
1325,660
1326,590
1327,470
1328,585
1329,650
1330,660
1331,590
1332,470
1333,585
1334,650
1335,660
1336,590
1337,470
1338,585
1339,650
1340,660
1341,590
1342,470
1343,585
1344,650
1345,660
1346,590
1347,470
1348,585
1349,650
1350,660
1351,590
1352,470
1353,585
1354,650
1355,660
1356,590
1357,470
1358,585
1359,650
1360,660
1361,590
1362,470
1363,585
1364,650
1365,660
1366,590
1367,470
1368,585
1369,650
1370,660
1371,590
1372,470
1373,585
1374,650
1375,660
1376,590
1377,470
1378,585
1379,650
1380,660
1381,590
1382,470
1383,585
1384,650
1385,660
1386,590
1387,470
1388,585
1389,650
1390,660
1391,590
1392,470
1393,585
1394,650
1395,660
1396,590
1397,470
1398,585
1399,650
1400,660
1401,590
1402,470
1403,585
1404,650
1405,660
1406,590
1407,470
1408,585
1409,650
1410,660
1411,590
1412,470
1413,585
1414,650
1415,660
1416,590
1417,470
1418,585
1419,650
1420,660
1421,590
1422,470
1423,585
1424,650
1425,660
1426,590
1427,470
1428,585
1429,650
1430,660
1431,590
1432,470
1433,585
1434,650
1435,660
1436,590
1437,470
1438,585
1439,650
1440,660
1441,590
1442,470
1443,585
1444,650
1445,660
1446,590
1447,470
1448,585
1449,650
1450,660
1451,590
1452,470
1453,585
1454,650
1455,660
1456,590
1457,470
1458,585
1459,650
1460,660
1461,590
1462,470
1463,585
1464,650
1465,660
1466,590
1467,470
1468,585
1469,650
1470,660
1471,590
1472,470
1473,585
1474,650
1475,660
1476,590
1477,470
1478,585
1479,650
1480,660
1481,590
1482,470
1483,585
1484,650
1485,660
1486,590
1487,470
1488,585
1489,650
1490,660
1491,590
1492,470
1493,585
1494,650
1495,660
1496,590
1497,470
1498,585
1499,650
1500,660
1501,590
1502,470
1503,585
1504,650
1505,660
1506,590
1507,470
1508,585
1509,650
1510,660
1511,590
1512,470
1513,585
1514,650
1515,660
1516,590
1517,470
1518,585
1519,650
1520,660
1521,590
1522,470
1523,585
1524,650
1525,660
1526,590
1527,470
1528,585
1529,650
1530,660
1531,590
1532,470
1533,585
1534,650
1535,660
1536,590
1537,470
1538,585
1539,650
1540,660
1541,590
1542,470
1543,585
1544,650
1545,660
1546,590
1547,470
1548,585
1549,650
1550,660
1551,590
1552,470
1553,585
1554,650
1555,660
1556,590
1557,470
1558,585
1559,650
1560,660
1561,590
1562,470
1563,585
1564,650
1565,660
1566,590
1567,470
1568,585
1569,650
1570,660
1571,590
1572,470
1573,585
1574,650
1575,660
1576,590
1577,470
1578,585
1579,650
1580,660
1581,590
1582,470
1583,585
1584,650
1585,660
1586,590
1587,470
1588,585
1589,650
1590,660
1591,590
1592,470
1593,585
1594,650
1595,660
1596,590
1597,470
1598,585
1599,650
1600,660
1601,590
1602,470
1603,585
1604,650
1605,660
1606,590
1607,470
1608,585
1609,650
1610,660
1611,590
1612,470
1613,585
1614,650
1615,660
1616,590
1617,470
1618,585
1619,650
1620,660
1621,590
1622,470
1623,585
1624,650
1625,660
1626,590
1627,470
1628,585
1629,650
1630,660
1631,590
1632,470
1633,585
1634,650
1635,660
1636,590
1637,470
1638,585
1639,650
1640,660
1641,590
1642,470
1643,585
1644,650
1645,660
1646,590
1647,470
1648,585
1649,650
1650,660
1651,590
1652,470
1653,585
1654,650
1655,660
1656,590
1657,470
1658,585
1659,650
1660,660
1661,590
1662,470
1663,585
1664,650
1665,660
1666,590
1667,470
1668,585
1669,650
1670,660
1671,590
1672,470
1673,585
1674,650
1675,660
1676,590
1677,470
1678,585
1679,650
1680,660
1681,590
1682,470
1683,585
1684,650
1685,660
1686,590
1687,470
1688,585
1689,650
1690,660
1691,590
1692,470
1693,585
1694,650
1695,660
1696,590
1697,470
1698,585
1699,650
1700,660
1701,590
1702,470
1703,585
1704,650
1705,660
1706,590
1707,470
1708,585
1709,650
1710,660
1711,590
1712,470
1713,585
1714,650
1715,660
1716,590
1717,470
1718,585
1719,650
1720,660
1721,590
1722,470
1723,585
1724,650
1725,660
1726,590
1727,470
1728,585
1729,650
1730,660
1731,590
1732,470
1733,585
1734,650
1735,660
1736,590
1737,470
1738,585
1739,650
1740,660
1741,590
1742,470
1743,585
1744,650
1745,660
1746,590
1747,470
1748,585
1749,650
1750,660
1751,590
1752,470
1753,585
1754,650
1755,660
1756,590
1757,470
1758,585
1759,650
1760,660
1761,590
1762,470
1763,585
1764,650
1765,660
1766,590
1767,470
1768,585
1769,650
1770,660
1771,590
1772,470
1773,585
1774,650
1775,660
1776,590
1777,470
1778,585
1779,650
1780,660
1781,590
1782,470
1783,585
1784,650
1785,660
1786,590
1787,470
1788,585
1789,650
1790,660
1791,590
1792,470
1793,585
1794,650
1795,660
1796,590
1797,470
1798,585
1799,650
1800,660
1801,590
1802,470
1803,585
1804,650
1805,660
1806,590
1807,470
1808,585
1809,650
1810,660
1811,590
1812,470
1813,585
1814,650
1815,660
1816,590
1817,470
1818,585
1819,650
1820,660
1821,590
1822,470
1823,585
1824,650
1825,660
1826,590
1827,470
1828,585
1829,650
1830,660
1831,590
1832,470
1833,585
1834,650
1835,660
1836,590
1837,470
1838,585
1839,650
1840,660
1841,590
1842,470
1843,585
1844,650
1845,660
1846,590
1847,470
1848,585
1849,650
1850,660
1851,590
1852,470
1853,585
1854,650
1855,660
1856,590
1857,470
1858,585
1859,650
1860,660
1861,590
1862,470
1863,585
1864,650
1865,660
1866,590
1867,470
1868,585
1869,650
1870,660
1871,590
1872,470
1873,585
1874,650
1875,660
1876,590
1877,470
1878,585
1879,650
1880,660
1881,590
1882,470
1883,585
1884,650
1885,660
1886,590
1887,470
1888,585
1889,650
1890,660
1891,590
1892,470
1893,585
1894,650
1895,660
1896,590
1897,470
1898,585
1899,650
1900,660
1901,590
1902,470
1903,585
1904,650
1905,660
1906,590
1907,470
1908,585
1909,650
1910,660
1911,590
1912,470
1913,585
1914,650
1915,660
1916,590
1917,470
1918,585
1919,650
1920,660
1921,590
1922,470
1923,585
1924,650
1925,660
1926,590
1927,470
1928,585
1929,650
1930,660
1931,590
1932,470
1933,585
1934,650
1935,660
1936,590
1937,470
1938,585
1939,650
1940,660
1941,590
1942,470
1943,585
1944,650
1945,660
1946,590
1947,470
1948,585
1949,650
1950,660
1951,590
1952,470
1953,585
1954,650
1955,660
1956,590
1957,470
1958,585
1959,650
1960,660
1961,590
1962,470
1963,585
1964,650
1965,660
1966,590
1967,470
1968,585
1969,650
1970,660
1971,590
1972,470
1973,585
1974,650
1975,660
1976,590
1977,470
1978,585
1979,650
1980,660
1981,590
1982,470
1983,585
1984,650
1985,660
1986,590
1987,470
1988,585
1989,650
1990,660
1991,590
1992,470
1993,585
1994,650
1995,660
1996,590
1997,470
1998,585
1999,650
2000,660
2001,590
2002,470
2003,585
2004,650
2005,660
2006,590
2007,470
2008,585
2009,650
2010,660
2011,590
2012,470
2013,585
2014,650
2015,660
2016,590
2017,470
2018,585
2019,650
2020,660
2021,590
2022,470
2023,585
2024,650
2025,660
2026,590
2027,470
2028,585
2029,650
2030,660
2031,590
2032,470
2033,585
2034,650
2035,660
2036,590
2037,470
2038,585
2039,650
2040,660
2041,590
2042,470
2043,585
2044,650
2045,660
2046,590
2047,470
2048,585
2049,650
2050,660
2051,590
2052,470
2053,585
2054,650
2055,660
2056,590
2057,470
2058,585
2059,650
2060,660
2061,590
2062,470
2063,585
2064,650
2065,660
2066,590
2067,470
2068,585
2069,650
2070,660
2071,590
2072,470
2073,585
2074,650
2075,660
2076,590
2077,470
2078,585
2079,650
2080,660
2081,590
2082,470
2083,585
2084,650
2085,660
2086,590
2087,470
2088,585
2089,650
2090,660
2091,590
2092,470
2093,585
2094,650
2095,660
2096,590
2097,470
2098,585
2099,650
2100,660
2101,590
2102,470
2103,585
2104,650
2105,660
2106,590
2107,470
2108,585
2109,650
2110,660
2111,590
2112,470
2113,585
2114,650
2115,660
2116,590
2117,470
2118,585
2119,650
2120,660
2121,590
2122,470
2123,585
2124,650
2125,660
2126,590
2127,470
2128,585
2129,650
2130,660
2131,590
2132,470
2133,585
2134,650
2135,660
2136,590
2137,470
2138,585
2139,650
2140,660
2141,590
2142,470
2143,585
2144,650
2145,660
2146,590
2147,470
2148,585
2149,650
2150,660
2151,590
2152,470
2153,585
2154,650
2155,660
2156,590
2157,470
2158,585
2159,650
2160,660
2161,590
2162,470
2163,585
2164,650
2165,660
2166,590
2167,470
2168,585
2169,650
2170,660
2171,590
2172,470
2173,585
2174,650
2175,660
2176,590
2177,470
2178,585
2179,650
2180,660
2181,590
2182,470
2183,585
2184,650
2185,660
2186,590
2187,470
2188,585
2189,650
2190,660
2191,590
2192,470
2193,585
2194,650
2195,660
2196,590
2197,470
2198,585
2199,650
2200,660
2201,590
2202,470
2203,585
2204,650
2205,660
2206,590
2207,470
2208,585
2209,650
2210,660
2211,590
2212,470
2213,585
2214,650
2215,660
2216,590
2217,470
2218,585
2219,650
2220,660
2221,590
2222,470
2223,585
2224,650
2225,660
2226,590
2227,470
2228,585
2229,650
2230,660
2231,590
2232,470
2233,585
2234,650
2235,660
2236,590
2237,470
2238,585
2239,650
2240,660
2241,590
2242,470
2243,585
2244,650
2245,660
2246,590
2247,470
2248,585
2249,650
2250,660
2251,590
2252,470
2253,585
2254,650
2255,660
2256,590
2257,470
2258,585
2259,650
2260,660
2261,590
2262,470
2263,585
2264,650
2265,660
2266,590
2267,470
2268,585
2269,650
2270,660
2271,590
2272,470
2273,585
2274,650
2275,660
2276,590
2277,470
2278,585
2279,650
2280,660
2281,590
2282,470
2283,585
2284,650
2285,660
2286,590
2287,470
2288,585
2289,650
2290,660
2291,590
2292,470
2293,585
2294,650
2295,660
2296,590
2297,470
2298,585
2299,650
2300,660
2301,590
2302,470
2303,585
2304,650
2305,660
2306,590
2307,470
2308,585
2309,650
2310,660
2311,590
2312,470
2313,585
2314,650
2315,660
2316,590
2317,470
2318,585
2319,650
2320,660
2321,590
2322,470
2323,585
2324,650
2325,660
2326,590
2327,470
2328,585
2329,650
2330,660
2331,590
2332,470
2333,585
2334,650
2335,660
2336,590
2337,470
2338,585
2339,650
2340,660
2341,590
2342,470
2343,585
2344,650
2345,660
2346,590
2347,470
2348,585
2349,650
2350,660
2351,590
2352,470
2353,585
2354,650
2355,660
2356,590
2357,470
2358,585
2359,650
2360,660
2361,590
2362,470
2363,585
2364,650
2365,660
2366,590
2367,470
2368,585
2369,650
2370,660
2371,590
2372,470
2373,585
2374,650
2375,660
2376,590
2377,470
2378,585
2379,650
2380,660
2381,590
2382,470
2383,585
2384,650
2385,660
2386,590
2387,470
2388,585
2389,650
2390,660
2391,590
2392,470
2393,585
2394,650
2395,660
2396,590
2397,470
2398,585
2399,650
2400,660
2401,590
2402,470
2403,585
2404,650
2405,660
2406,590
2407,470
2408,585
2409,650
2410,660
2411,590
2412,470
2413,585
2414,650
2415,660
2416,590
2417,470
2418,585
2419,650
2420,660
2421,590
2422,470
2423,585
2424,650
2425,660
2426,590
2427,470
2428,585
2429,650
2430,660
2431,590
2432,470
2433,585
2434,650
2435,660
2436,590
2437,470
2438,585
2439,650
2440,660
2441,590
2442,470
2443,585
2444,650
2445,660
2446,590
2447,470
2448,585
2449,650
2450,660
2451,590
2452,470
2453,585
2454,650
2455,660
2456,590
2457,470
2458,585
2459,650
2460,660
2461,590
2462,470
2463,585
2464,650
2465,660
2466,590
2467,470
2468,585
2469,650
2470,660
2471,590
2472,470
2473,585
2474,650
2475,660
2476,590
2477,470
2478,585
2479,650
2480,660
2481,590
2482,470
2483,585
2484,650
2485,660
2486,590
2487,470
2488,585
2489,650
2490,660
2491,590
2492,470
2493,585
2494,650
2495,660
2496,590
2497,470
2498,585
2499,650
2500,660
2501,590
2502,470
2503,585
2504,650
2505,660
2506,590
2507,470
2508,585
2509,650
2510,660
2511,590
2512,470
2513,585
2514,650
2515,660
2516,590
2517,470
2518,585
2519,650
2520,660
2521,590
2522,470
2523,585
2524,650
2525,660
2526,590
2527,470
2528,585
2529,650
2530,660
2531,590
2532,470
2533,585
2534,650
2535,660
2536,590
2537,470
2538,585
2539,650
2540,660
2541,590
2542,470
2543,585
2544,650
2545,660
2546,590
2547,470
2548,585
2549,650
2550,660
2551,590
2552,470
2553,585
2554,650
2555,660
2556,590
2557,470
2558,585
2559,650
2560,660
2561,590
2562,470
2563,585
2564,650
2565,660
2566,590
2567,470
2568,585
2569,650
2570,660
2571,590
2572,470
2573,585
2574,650
2575,660
2576,590
2577,470
2578,585
2579,650
2580,660
2581,590
2582,470
2583,585
2584,650
2585,660
2586,590
2587,470
2588,585
2589,650
2590,660
2591,590
2592,470
2593,585
2594,650
2595,660
2596,590
2597,470
2598,585
2599,650
2600,660
2601,590
2602,470
2603,585
2604,650
2605,660
2606,590
2607,470
2608,585
2609,650
2610,660
2611,590
2612,470
2613,585
2614,650
2615,660
2616,590
2617,470
2618,585
2619,650
2620,660
2621,590
2622,470
2623,585
2624,650
2625,660
2626,590
2627,470
2628,585
2629,650
2630,660
2631,590
2632,470
2633,585
2634,650
2635,660
2636,590
2637,470
2638,585
2639,650
2640,660
2641,590
2642,470
2643,585
2644,650
2645,660
2646,590
2647,470
2648,585
2649,650
2650,660
2651,590
2652,470
2653,585
2654,650
2655,660
2656,590
2657,470
2658,585
2659,650
2660,660
2661,590
2662,470
2663,585
2664,650
2665,660
2666,590
2667,470
2668,585
2669,650
2670,660
2671,590
2672,470
2673,585
2674,650
2675,660
2676,590
2677,470
2678,585
2679,650
2680,660
2681,590
2682,470
2683,585
2684,650
2685,660
2686,590
2687,470
2688,585
2689,650
2690,660
2691,590
2692,470
2693,585
2694,650
2695,660
2696,590
2697,470
2698,585
2699,650
2700,660
2701,590
2702,470
2703,585
2704,650
2705,660
2706,590
2707,470
2708,585
2709,650
2710,660
2711,590
2712,470
2713,585
2714,650
2715,660
2716,590
2717,470
2718,585
2719,650
2720,660
2721,590
2722,470
2723,585
2724,650
2725,660
2726,590
2727,470
2728,585
2729,650
2730,660
2731,590
2732,470
2733,585
2734,650
2735,660
2736,590
2737,470
2738,585
2739,650
2740,660
2741,590
2742,470
2743,585
2744,650
2745,660
2746,590
2747,470
2748,585
2749,650
2750,660
2751,590
2752,470
2753,585
2754,650
2755,660
2756,590
2757,470
2758,585
2759,650
2760,660
2761,590
2762,470
2763,585
2764,650
2765,660
2766,590
2767,470
2768,585
2769,650
2770,660
2771,590
2772,470
2773,585
2774,650
2775,660
2776,590
2777,470
2778,585
2779,650
2780,660
2781,590
2782,470
2783,585
2784,650
2785,660
2786,590
2787,470
2788,585
2789,650
2790,660
2791,590
2792,470
2793,585
2794,650
2795,660
2796,590
2797,470
2798,585
2799,650
2800,660
2801,590
2802,470
2803,585
2804,650
2805,660
2806,590
2807,470
2808,585
2809,650
2810,660
2811,590
2812,470
2813,585
2814,650
2815,660
2816,590
2817,470
2818,585
2819,650
2820,660
2821,590
2822,470
2823,585
2824,650
2825,660
2826,590
2827,470
2828,585
2829,650
2830,660
2831,590
2832,470
2833,585
2834,650
2835,660
2836,590
2837,470
2838,585
2839,650
2840,660
2841,590
2842,470
2843,585
2844,650
2845,660
2846,590
2847,470
2848,585
2849,650
2850,660
2851,590
2852,470
2853,585
2854,650
2855,660
2856,590
2857,470
2858,585
2859,650
2860,660
2861,590
2862,470
2863,585
2864,650
2865,660
2866,590
2867,470
2868,585
2869,650
2870,660
2871,590
2872,470
2873,585
2874,650
2875,660
2876,590
2877,470
2878,585
2879,650
2880,660
2881,590
2882,470
2883,585
2884,650
2885,660
2886,590
2887,470
2888,585
2889,650
2890,660
2891,590
2892,470
2893,585
2894,650
2895,660
2896,590
2897,470
2898,585
2899,650
2900,660
2901,590
2902,470
2903,585
2904,650
2905,660
2906,590
2907,470
2908,585
2909,650
2910,660
2911,590
2912,470
2913,585
2914,650
2915,660
2916,590
2917,470
2918,585
2919,650
2920,660
2921,590
2922,470
2923,585
2924,650
2925,660
2926,590
2927,470
2928,585
2929,650
2930,660
2931,590
2932,470
2933,585
2934,650
2935,660
2936,590
2937,470
2938,585
2939,650
2940,660
2941,590
2942,470
2943,585
2944,650
2945,660
2946,590
2947,470
2948,585
2949,650
2950,660
2951,590
2952,470
2953,585
2954,650
2955,660
2956,590
2957,470
2958,585
2959,650
2960,660
2961,590
2962,470
2963,585
2964,650
2965,660
2966,590
2967,470
2968,585
2969,650
2970,660
2971,590
2972,470
2973,585
2974,650
2975,660
2976,590
2977,470
2978,585
2979,650
2980,660
2981,590
2982,470
2983,585
2984,650
2985,660
2986,590
2987,470
2988,585
2989,650
2990,660
2991,590
2992,470
2993,585
2994,650
2995,660
2996,590
2997,470
2998,585
2999,650
3000,660
3001,590
3002,470
3003,585
3004,650
3005,660
3006,590
3007,470
3008,585
3009,650
3010,660
3011,590
3012,470
3013,585
3014,650
3015,660
3016,590
3017,470
3018,585
3019,650
3020,660
3021,590
3022,470
3023,585
3024,650
3025,660
3026,590
3027,470
3028,585
3029,650
3030,660
3031,590
3032,470
3033,585
3034,650
3035,660
3036,590
3037,470
3038,585
3039,650
3040,660
3041,590
3042,470
3043,585
3044,650
3045,660
3046,590
3047,470
3048,585
3049,650
3050,660
3051,590
3052,470
3053,585
3054,650
3055,660
3056,590
3057,470
3058,585
3059,650
3060,660
3061,590
3062,470
3063,585
3064,650
3065,660
3066,590
3067,470
3068,585
3069,650
3070,660
3071,590
3072,470
3073,585
3074,650
3075,660
3076,590
3077,470
3078,585
3079,650
3080,660
3081,590
3082,470
3083,585
3084,650
3085,660
3086,590
3087,470
3088,585
3089,650
3090,660
3091,590
3092,470
3093,585
3094,650
3095,660
3096,590
3097,470
3098,585
3099,650
3100,660
3101,590
3102,470
3103,585
3104,650
3105,660
3106,590
3107,470
3108,585
3109,650
3110,660
3111,590
3112,470
3113,585
3114,650
3115,660
3116,590
3117,470
3118,585
3119,650
3120,660
3121,590
3122,470
3123,585
3124,650
3125,660
3126,590
3127,470
3128,585
3129,650
3130,660
3131,590
3132,470
3133,585
3134,650
3135,660
3136,590
3137,470
3138,585
3139,650
3140,660
3141,590
3142,470
3143,585
3144,650
3145,660
3146,590
3147,470
3148,585
3149,650
3150,660
3151,590
3152,470
3153,585
3154,650
3155,660
3156,590
3157,470
3158,585
3159,650
3160,660
3161,590
3162,470
3163,585
3164,650
3165,660
3166,590
3167,470
3168,585
3169,650
3170,660
3171,590
3172,470
3173,585
3174,650
3175,660
3176,590
3177,470
3178,585
3179,650
3180,660
3181,590
3182,470
3183,585
3184,650
3185,660
3186,590
3187,470
3188,585
3189,650
3190,660
3191,590
3192,470
3193,585
3194,650
3195,660
3196,590
3197,470
3198,585
3199,650
3200,660
3201,590
3202,470
3203,585
3204,650
3205,660
3206,590
3207,470
3208,585
3209,650
3210,660
3211,590
3212,470
3213,585
3214,650
3215,660
3216,590
3217,470
3218,585
3219,650
3220,660
3221,590
3222,470
3223,585
3224,650
3225,660
3226,590
3227,470
3228,585
3229,650
3230,660
3231,590
3232,470
3233,585
3234,650
3235,660
3236,590
3237,470
3238,585
3239,650
3240,660
3241,590
3242,470
3243,585
3244,650
3245,660
3246,590
3247,470
3248,585
3249,650
3250,660
3251,590
3252,470
3253,585
3254,650
3255,660
3256,590
3257,470
3258,585
3259,650
3260,660
3261,590
3262,470
3263,585
3264,650
3265,660
3266,590
3267,470
3268,585
3269,650
3270,660
3271,590
3272,470
3273,585
3274,650
3275,660
3276,590
3277,470
3278,585
3279,650
3280,660
3281,590
3282,470
3283,585
3284,650
3285,660
3286,590
3287,470
3288,585
3289,650
3290,660
3291,590
3292,470
3293,585
3294,650
3295,660
3296,590
3297,470
3298,585
3299,650
3300,660
3301,590
3302,470
3303,585
3304,650
3305,660
3306,590
3307,470
3308,585
3309,650
3310,660
3311,590
3312,470
3313,585
3314,650
3315,660
3316,590
3317,470
3318,585
3319,650
3320,660
3321,590
3322,470
3323,585
3324,650
3325,660
3326,590
3327,470
3328,585
3329,650
3330,660
3331,590
3332,470
3333,585
3334,650
3335,660
3336,590
3337,470
3338,585
3339,650
3340,660
3341,590
3342,470
3343,585
3344,650
3345,660
3346,590
3347,470
3348,585
3349,650
3350,660
3351,590
3352,470
3353,585
3354,650
3355,660
3356,590
3357,470
3358,585
3359,650
3360,660
3361,590
3362,470
3363,585
3364,650
3365,660
3366,590
3367,470
3368,585
3369,650
3370,660
3371,590
3372,470
3373,585
3374,650
3375,660
3376,590
3377,470
3378,585
3379,650
3380,660
3381,590
3382,470
3383,585
3384,650
3385,660
3386,590
3387,470
3388,585
3389,650
3390,660
3391,590
3392,470
3393,585
3394,650
3395,660
3396,590
3397,470
3398,585
3399,650
3400,660
3401,590
3402,470
3403,585
3404,650
3405,660
3406,590
3407,470
3408,585
3409,650
3410,660
3411,590
3412,470
3413,585
3414,650
3415,660
3416,590
3417,470
3418,585
3419,650
3420,660
3421,590
3422,470
3423,585
3424,650
3425,660
3426,590
3427,470
3428,585
3429,650
3430,660
3431,590
3432,470
3433,585
3434,650
3435,660
3436,590
3437,470
3438,585
3439,650
3440,660
3441,590
3442,470
3443,585
3444,650
3445,660
3446,590
3447,470
3448,585
3449,650
3450,660
3451,590
3452,470
3453,585
3454,650
3455,660
3456,590
3457,470
3458,585
3459,650
3460,660
3461,590
3462,470
3463,585
3464,650
3465,660
3466,590
3467,470
3468,585
3469,650
3470,660
3471,590
3472,470
3473,585
3474,650
3475,660
3476,590
3477,470
3478,585
3479,650
3480,660
3481,590
3482,470
3483,585
3484,650
3485,660
3486,590
3487,470
3488,585
3489,650
3490,660
3491,590
3492,470
3493,585
3494,650
3495,660
3496,590
3497,470
3498,585
3499,650
3500,660
3501,590
3502,470
3503,585
3504,650
3505,660
3506,590
3507,470
3508,585
3509,650
3510,660
3511,590
3512,470
3513,585
3514,650
3515,660
3516,590
3517,470
3518,585
3519,650
3520,660
3521,590
3522,470
3523,585
3524,650
3525,660
3526,590
3527,470
3528,585
3529,650
3530,660
3531,590
3532,470
3533,585
3534,650
3535,660
3536,590
3537,470
3538,585
3539,650
3540,660
3541,590
3542,470
3543,585
3544,650
3545,660
3546,590
3547,470
3548,585
3549,650
3550,660
3551,590
3552,470
3553,585
3554,650
3555,660
3556,590
3557,470
3558,585
3559,650
3560,660
3561,590
3562,470
3563,585
3564,650
3565,660
3566,590
3567,470
3568,585
3569,650
3570,660
3571,590
3572,470
3573,585
3574,650
3575,660
3576,590
3577,470
3578,585
3579,650
3580,660
3581,590
3582,470
3583,585
3584,650
3585,660
3586,590
3587,470
3588,585
3589,650
3590,660
3591,590
3592,470
3593,585
3594,650
3595,660
3596,590
3597,470
3598,585
3599,650
3600,660
3601,590
3602,470
3603,585
3604,650
3605,660
3606,590
3607,470
3608,585
3609,650
3610,660
3611,590
3612,470
3613,585
3614,650
3615,660
3616,590
3617,470
3618,585
3619,650
3620,660
3621,590
3622,470
3623,585
3624,650
3625,660
3626,590
3627,470
3628,585
3629,650
3630,660
3631,590
3632,470
3633,585
3634,650
3635,660
3636,590
3637,470
3638,585
3639,650
3640,660
3641,590
3642,470
3643,585
3644,650
3645,660
3646,590
3647,470
3648,585
3649,650
3650,660
3651,590
3652,470
3653,585
3654,650
3655,660
3656,590
3657,470
3658,585
3659,650
3660,660
3661,590
3662,470
3663,585
3664,650
3665,660
3666,590
3667,470
3668,585
3669,650
3670,660
3671,590
3672,470
3673,585
3674,650
3675,660
3676,590
3677,470
3678,585
3679,650
3680,660
3681,590
3682,470
3683,585
3684,650
3685,660
3686,590
3687,470
3688,585
3689,650
3690,660
3691,590
3692,470
3693,585
3694,650
3695,660
3696,590
3697,470
3698,585
3699,650
3700,660
3701,590
3702,470
3703,585
3704,650
3705,660
3706,590
3707,470
3708,585
3709,650
3710,660
3711,590
3712,470
3713,585
3714,650
3715,660
3716,590
3717,470
3718,585
3719,650
3720,660
3721,590
3722,470
3723,585
3724,650
3725,660
3726,590
3727,470
3728,585
3729,650
3730,660
3731,590
3732,470
3733,585
3734,650
3735,660
3736,590
3737,470
3738,585
3739,650
3740,660
3741,590
3742,470
3743,585
3744,650
3745,660
3746,590
3747,470
3748,585
3749,650
3750,660
3751,590
3752,470
3753,585
3754,650
3755,660
3756,590
3757,470
3758,585
3759,650
3760,660
3761,590
3762,470
3763,585
3764,650
3765,660
3766,590
3767,470
3768,585
3769,650
3770,660
3771,590
3772,470
3773,585
3774,650
3775,660
3776,590
3777,470
3778,585
3779,650
3780,660
3781,590
3782,470
3783,585
3784,650
3785,660
3786,590
3787,470
3788,585
3789,650
3790,660
3791,590
3792,470
3793,585
3794,650
3795,660
3796,590
3797,470
3798,585
3799,650
3800,660
3801,590
3802,470
3803,585
3804,650
3805,660
3806,590
3807,470
3808,585
3809,650
3810,660
3811,590
3812,470
3813,585
3814,650
3815,660
3816,590
3817,470
3818,585
3819,650
3820,660
3821,590
3822,470
3823,585
3824,650
3825,660
3826,590
3827,470
3828,585
3829,650
3830,660
3831,590
3832,470
3833,585
3834,650
3835,660
3836,590
3837,470
3838,585
3839,650
3840,660
3841,590
3842,470
3843,585
3844,650
3845,660
3846,590
3847,470
3848,585
3849,650
3850,660
3851,590
3852,470
3853,585
3854,650
3855,660
3856,590
3857,470
3858,585
3859,650
3860,660
3861,590
3862,470
3863,585
3864,650
3865,660
3866,590
3867,470
3868,585
3869,650
3870,660
3871,590
3872,470
3873,585
3874,650
3875,660
3876,590
3877,470
3878,585
3879,650
3880,660
3881,590
3882,470
3883,585
3884,650
3885,660
3886,590
3887,470
3888,585
3889,650
3890,660
3891,590
3892,470
3893,585
3894,650
3895,660
3896,590
3897,470
3898,585
3899,650
3900,660
3901,590
3902,470
3903,585
3904,650
3905,660
3906,590
3907,470
3908,585
3909,650
3910,660
3911,590
3912,470
3913,585
3914,650
3915,660
3916,590
3917,470
3918,585
3919,650
3920,660
3921,590
3922,470
3923,585
3924,650
3925,660
3926,590
3927,470
3928,585
3929,650
3930,660
3931,590
3932,470
3933,585
3934,650
3935,660
3936,590
3937,470
3938,585
3939,650
3940,660
3941,590
3942,470
3943,585
3944,650
3945,660
3946,590
3947,470
3948,585
3949,650
3950,660
3951,590
3952,470
3953,585
3954,650
3955,660
3956,590
3957,470
3958,585
3959,650
3960,660
3961,590
3962,470
3963,585
3964,650
3965,660
3966,590
3967,470
3968,585
3969,650
3970,660
3971,590
3972,470
3973,585
3974,650
3975,660
3976,590
3977,470
3978,585
3979,650
3980,660
3981,590
3982,470
3983,585
3984,650
3985,660
3986,590
3987,470
3988,585
3989,650
3990,660
3991,590
3992,470
3993,585
3994,650
3995,660
3996,590
3997,470
3998,585
3999,650
4000,660
4001,590
4002,470
4003,585
4004,650
4005,660
4006,590
4007,470
4008,585
4009,650
4010,660
4011,590
4012,470
4013,585
4014,650
4015,660
4016,590
4017,470
4018,585
4019,650
4020,660
4021,590
4022,470
4023,585
4024,650
4025,660
4026,590
4027,470
4028,585
4029,650
4030,660
4031,590
4032,470
4033,585
4034,650
4035,660
4036,590
4037,470
4038,585
4039,650
4040,660
4041,590
4042,470
4043,585
4044,650
4045,660
4046,590
4047,470
4048,585
4049,650
4050,660
4051,590
4052,470
4053,585
4054,650
4055,660
4056,590
4057,470
4058,585
4059,650
4060,660
4061,590
4062,470
4063,585
4064,650
4065,660
4066,590
4067,470
4068,585
4069,650
4070,660
4071,590
4072,470
4073,585
4074,650
4075,660
4076,590
4077,470
4078,585
4079,650
4080,660
4081,590
4082,470
4083,585
4084,650
4085,660
4086,590
4087,470
4088,585
4089,650
4090,660
4091,590
4092,470
4093,585
4094,650
4095,660
4096,590
4097,470
4098,585
4099,650
4100,660
4101,590
4102,470
4103,585
4104,650
4105,660
4106,590
4107,470
4108,585
4109,650
4110,660
4111,590
4112,470
4113,585
4114,650
4115,660
4116,590
4117,470
4118,585
4119,650
4120,660
4121,590
4122,470
4123,585
4124,650
4125,660
4126,590
4127,470
4128,585
4129,650
4130,660
4131,590
4132,470
4133,585
4134,650
4135,660
4136,590
4137,470
4138,585
4139,650
4140,660
4141,590
4142,470
4143,585
4144,650
4145,660
4146,590
4147,470
4148,585
4149,650
4150,660
4151,590
4152,470
4153,585
4154,650
4155,660
4156,590
4157,470
4158,585
4159,650
4160,660
4161,590
4162,470
4163,585
4164,650
4165,660
4166,590
4167,470
4168,585
4169,650
4170,660
4171,590
4172,470
4173,585
4174,650
4175,660
4176,590
4177,470
4178,585
4179,650
4180,660
4181,590
4182,470
4183,585
4184,650
4185,660
4186,590
4187,470
4188,585
4189,650
4190,660
4191,590
4192,470
4193,585
4194,650
4195,660
4196,590
4197,470
4198,585
4199,650
4200,660
4201,590
4202,470
4203,585
4204,650
4205,660
4206,590
4207,470
4208,585
4209,650
4210,660
4211,590
4212,470
4213,585
4214,650
4215,660
4216,590
4217,470
4218,585
4219,650
4220,660
4221,590
4222,470
4223,585
4224,650
4225,660
4226,590
4227,470
4228,585
4229,650
4230,660
4231,590
4232,470
4233,585
4234,650
4235,660
4236,590
4237,470
4238,585
4239,650
4240,660
4241,590
4242,470
4243,585
4244,650
4245,660
4246,590
4247,470
4248,585
4249,650
4250,660
4251,590
4252,470
4253,585
4254,650
4255,660
4256,590
4257,470
4258,585
4259,650
4260,660
4261,590
4262,470
4263,585
4264,650
4265,660
4266,590
4267,470
4268,585
4269,650
4270,660
4271,590
4272,470
4273,585
4274,650
4275,660
4276,590
4277,470
4278,585
4279,650
4280,660
4281,590
4282,470
4283,585
4284,650
4285,660
4286,590
4287,470
4288,585
4289,650
4290,660
4291,590
4292,470
4293,585
4294,650
4295,660
4296,590
4297,470
4298,585
4299,650
4300,660
4301,590
4302,470
4303,585
4304,650
4305,660
4306,590
4307,470
4308,585
4309,650
4310,660
4311,590
4312,470
4313,585
4314,650
4315,660
4316,590
4317,470
4318,585
4319,650
4320,660
4321,590
4322,470
4323,585
4324,650
4325,660
4326,590
4327,470
4328,585
4329,650
4330,660
4331,590
4332,470
4333,585
4334,650
4335,660
4336,590
4337,470
4338,585
4339,650
4340,660
4341,590
4342,470
4343,585
4344,650
4345,660
4346,590
4347,470
4348,585
4349,650
4350,660
4351,590
4352,470
4353,585
4354,650
4355,660
4356,590
4357,470
4358,585
4359,650
4360,660
4361,590
4362,470
4363,585
4364,650
4365,660
4366,590
4367,470
4368,585
4369,650
4370,660
4371,590
4372,470
4373,585
4374,650
4375,660
4376,590
4377,470
4378,585
4379,650
4380,660
4381,590
4382,470
4383,585
4384,650
4385,660
4386,590
4387,470
4388,585
4389,650
4390,660
4391,590
4392,470
4393,585
4394,650
4395,660
4396,590
4397,470
4398,585
4399,650
4400,660
4401,590
4402,470
4403,585
4404,650
4405,660
4406,590
4407,470
4408,585
4409,650
4410,660
4411,590
4412,470
4413,585
4414,650
4415,660
4416,590
4417,470
4418,585
4419,650
4420,660
4421,590
4422,470
4423,585
4424,650
4425,660
4426,590
4427,470
4428,585
4429,650
4430,660
4431,590
4432,470
4433,585
4434,650
4435,660
4436,590
4437,470
4438,585
4439,650
4440,660
4441,590
4442,470
4443,585
4444,650
4445,660
4446,590
4447,470
4448,585
4449,650
4450,660
4451,590
4452,470
4453,585
4454,650
4455,660
4456,590
4457,470
4458,585
4459,650
4460,660
4461,590
4462,470
4463,585
4464,650
4465,660
4466,590
4467,470
4468,585
4469,650
4470,660
4471,590
4472,470
4473,585
4474,650
4475,660
4476,590
4477,470
4478,585
4479,650
4480,660
4481,590
4482,470
4483,585
4484,650
4485,660
4486,590
4487,470
4488,585
4489,650
4490,660
4491,590
4492,470
4493,585
4494,650
4495,660
4496,590
4497,470
4498,585
4499,650
4500,660
4501,590
4502,470
4503,585
4504,650
4505,660
4506,590
4507,470
4508,585
4509,650
4510,660
4511,590
4512,470
4513,585
4514,650
4515,660
4516,590
4517,470
4518,585
4519,650
4520,660
4521,590
4522,470
4523,585
4524,650
4525,660
4526,590
4527,470
4528,585
4529,650
4530,660
4531,590
4532,470
4533,585
4534,650
4535,660
4536,590
4537,470
4538,585
4539,650
4540,660
4541,590
4542,470
4543,585
4544,650
4545,660
4546,590
4547,470
4548,585
4549,650
4550,660
4551,590
4552,470
4553,585
4554,650
4555,660
4556,590
4557,470
4558,585
4559,650
4560,660
4561,590
4562,470
4563,585
4564,650
4565,660
4566,590
4567,470
4568,585
4569,650
4570,660
4571,590
4572,470
4573,585
4574,650
4575,660
4576,590
4577,470
4578,585
4579,650
4580,660
4581,590
4582,470
4583,585
4584,650
4585,660
4586,590
4587,470
4588,585
4589,650
4590,660
4591,590
4592,470
4593,585
4594,650
4595,660
4596,590
4597,470
4598,585
4599,650
4600,660
4601,590
4602,470
4603,585
4604,650
4605,660
4606,590
4607,470
4608,585
4609,650
4610,660
4611,590
4612,470
4613,585
4614,650
4615,660
4616,590
4617,470
4618,585
4619,650
4620,660
4621,590
4622,470
4623,585
4624,650
4625,660
4626,590
4627,470
4628,585
4629,650
4630,660
4631,590
4632,470
4633,585
4634,650
4635,660
4636,590
4637,470
4638,585
4639,650
4640,660
4641,590
4642,470
4643,585
4644,650
4645,660
4646,590
4647,470
4648,585
4649,650
4650,660
4651,590
4652,470
4653,585
4654,650
4655,660
4656,590
4657,470
4658,585
4659,650
4660,660
4661,590
4662,470
4663,585
4664,650
4665,660
4666,590
4667,470
4668,585
4669,650
4670,660
4671,590
4672,470
4673,585
4674,650
4675,660
4676,590
4677,470
4678,585
4679,650
4680,660
4681,590
4682,470
4683,585
4684,650
4685,660
4686,590
4687,470
4688,585
4689,650
4690,660
4691,590
4692,470
4693,585
4694,650
4695,660
4696,590
4697,470
4698,585
4699,650
4700,660
4701,590
4702,470
4703,585
4704,650
4705,660
4706,590
4707,470
4708,585
4709,650
4710,660
4711,590
4712,470
4713,585
4714,650
4715,660
4716,590
4717,470
4718,585
4719,650
4720,660
4721,590
4722,470
4723,585
4724,650
4725,660
4726,590
4727,470
4728,585
4729,650
4730,660
4731,590
4732,470
4733,585
4734,650
4735,660
4736,590
4737,470
4738,585
4739,650
4740,660
4741,590
4742,470
4743,585
4744,650
4745,660
4746,590
4747,470
4748,585
4749,650
4750,660
4751,590
4752,470
4753,585
4754,650
4755,660
4756,590
4757,470
4758,585
4759,650
4760,660
4761,590
4762,470
4763,585
4764,650
4765,660
4766,590
4767,470
4768,585
4769,650
4770,660
4771,590
4772,470
4773,585
4774,650
4775,660
4776,590
4777,470
4778,585
4779,650
4780,660
4781,590
4782,470
4783,585
4784,650
4785,660
4786,590
4787,470
4788,585
4789,650
4790,660
4791,590
4792,470
4793,585
4794,650
4795,660
4796,590
4797,470
4798,585
4799,650
4800,660
4801,590
4802,470
4803,585
4804,650
4805,660
4806,590
4807,470
4808,585
4809,650
4810,660
4811,590
4812,470
4813,585
4814,650
4815,660
4816,590
4817,470
4818,585
4819,650
4820,660
4821,590
4822,470
4823,585
4824,650
4825,660
4826,590
4827,470
4828,585
4829,650
4830,660
4831,590
4832,470
4833,585
4834,650
4835,660
4836,590
4837,470
4838,585
4839,650
4840,660
4841,590
4842,470
4843,585
4844,650
4845,660
4846,590
4847,470
4848,585
4849,650
4850,660
4851,590
4852,470
4853,585
4854,650
4855,660
4856,590
4857,470
4858,585
4859,650
4860,660
4861,590
4862,470
4863,585
4864,650
4865,660
4866,590
4867,470
4868,585
4869,650
4870,660
4871,590
4872,470
4873,585
4874,650
4875,660
4876,590
4877,470
4878,585
4879,650
4880,660
4881,590
4882,470
4883,585
4884,650
4885,660
4886,590
4887,470
4888,585
4889,650
4890,660
4891,590
4892,470
4893,585
4894,650
4895,660
4896,590
4897,470
4898,585
4899,650
4900,660
4901,590
4902,470
4903,585
4904,650
4905,660
4906,590
4907,470
4908,585
4909,650
4910,660
4911,590
4912,470
4913,585
4914,650
4915,660
4916,590
4917,470
4918,585
4919,650
4920,660
4921,590
4922,470
4923,585
4924,650
4925,660
4926,590
4927,470
4928,585
4929,650
4930,660
4931,590
4932,470
4933,585
4934,650
4935,660
4936,590
4937,470
4938,585
4939,650
4940,660
4941,590
4942,470
4943,585
4944,650
4945,660
4946,590
4947,470
4948,585
4949,650
4950,660
4951,590
4952,470
4953,585
4954,650
4955,660
4956,590
4957,470
4958,585
4959,650
4960,660
4961,590
4962,470
4963,585
4964,650
4965,660
4966,590
4967,470
4968,585
4969,650
4970,660
4971,590
4972,470
4973,585
4974,650
4975,660
4976,590
4977,470
4978,585
4979,650
4980,660
4981,590
4982,470
4983,585
4984,650
4985,660
4986,590
4987,470
4988,585
4989,650
4990,660
4991,590
4992,470
4993,585
4994,650
4995,660
4996,590
4997,470
4998,585
4999,650
5000,660
5001,590
5002,470
5003,585
5004,650
5005,660
5006,590
5007,470
5008,585
5009,650
5010,660
5011,590
5012,470
5013,585
5014,650
5015,660
5016,590
5017,470
5018,585
5019,650
5020,660
5021,590
5022,470
5023,585
5024,650
5025,660
5026,590
5027,470
5028,585
5029,650
5030,660
5031,590
5032,470
5033,585
5034,650
5035,660
5036,590
5037,470
5038,585
5039,650
5040,660
5041,590
5042,470
5043,585
5044,650
5045,660
5046,590
5047,470
5048,585
5049,650
5050,660
5051,590
5052,470
5053,585
5054,650
5055,660
5056,590
5057,470
5058,585
5059,650
5060,660
5061,590
5062,470
5063,585
5064,650
5065,660
5066,590
5067,470
5068,585
5069,650
5070,660
5071,590
5072,470
5073,585
5074,650
5075,660
5076,590
5077,470
5078,585
5079,650
5080,660
5081,590
5082,470
5083,585
5084,650
5085,660
5086,590
5087,470
5088,585
5089,650
5090,660
5091,590
5092,470
5093,585
5094,650
5095,660
5096,590
5097,470
5098,585
5099,650
5100,660
5101,590
5102,470
5103,585
5104,650
5105,660
5106,590
5107,470
5108,585
5109,650
5110,660
5111,590
5112,470
5113,585
5114,650
5115,660
5116,590
5117,470
5118,585
5119,650
5120,660
5121,590
5122,470
5123,585
5124,650
5125,660
5126,590
5127,470
5128,585
5129,650
5130,660
5131,590
5132,470
5133,585
5134,650
5135,660
5136,590
5137,470
5138,585
5139,650
5140,660
5141,590
5142,470
5143,585
5144,650
5145,660
5146,590
5147,470
5148,585
5149,650
5150,660
5151,590
5152,470
5153,585
5154,650
5155,660
5156,590
5157,470
5158,585
5159,650
5160,660
5161,590
5162,470
5163,585
5164,650
5165,660
5166,590
5167,470
5168,585
5169,650
5170,660
5171,590
5172,470
5173,585
5174,650
5175,660
5176,590
5177,470
5178,585
5179,650
5180,660
5181,590
5182,470
5183,585
5184,650
5185,660
5186,590
5187,470
5188,585
5189,650
5190,660
5191,590
5192,470
5193,585
5194,650
5195,660
5196,590
5197,470
5198,585
5199,650
5200,660
5201,590
5202,470
5203,585
5204,650
5205,660
5206,590
5207,470
5208,585
5209,650
5210,660
5211,590
5212,470
5213,585
5214,650
5215,660
5216,590
5217,470
5218,585
5219,650
5220,660
5221,590
5222,470
5223,585
5224,650
5225,660
5226,590
5227,470
5228,585
5229,650
5230,660
5231,590
5232,470
5233,585
5234,650
5235,660
5236,590
5237,470
5238,585
5239,650
5240,660
5241,590
5242,470
5243,585
5244,650
5245,660
5246,590
5247,470
5248,585
5249,650
5250,660
5251,590
5252,470
5253,585
5254,650
5255,660
5256,590
5257,470
5258,585
5259,650
5260,660
5261,590
5262,470
5263,585
5264,650
5265,660
5266,590
5267,470
5268,585
5269,650
5270,660
5271,590
5272,470
5273,585
5274,650
5275,660
5276,590
5277,470
5278,585
5279,650
5280,660
5281,590
5282,470
5283,585
5284,650
5285,660
5286,590
5287,470
5288,585
5289,650
5290,660
5291,590
5292,470
5293,585
5294,650
5295,660
5296,590
5297,470
5298,585
5299,650
5300,660
5301,590
5302,470
5303,585
5304,650
5305,660
5306,590
5307,470
5308,585
5309,650
5310,660
5311,590
5312,470
5313,585
5314,650
5315,660
5316,590
5317,470
5318,585
5319,650
5320,660
5321,590
5322,470
5323,585
5324,650
5325,660
5326,590
5327,470
5328,585
5329,650
5330,660
5331,590
5332,470
5333,585
5334,650
5335,660
5336,590
5337,470
5338,585
5339,650
5340,660
5341,590
5342,470
5343,585
5344,650
5345,660
5346,590
5347,470
5348,585
5349,650
5350,660
5351,590
5352,470
5353,585
5354,650
5355,660
5356,590
5357,470
5358,585
5359,650
5360,660
5361,590
5362,470
5363,585
5364,650
5365,660
5366,590
5367,470
5368,585
5369,650
5370,660
5371,590
5372,470
5373,585
5374,650
5375,660
5376,590
5377,470
5378,585
5379,650
5380,660
5381,590
5382,470
5383,585
5384,650
5385,660
5386,590
5387,470
5388,585
5389,650
5390,660
5391,590
5392,470
5393,585
5394,650
5395,660
5396,590
5397,470
5398,585
5399,650
5400,660
5401,590
5402,470
5403,585
5404,650
5405,660
5406,590
5407,470
5408,585
5409,650
5410,660
5411,590
5412,470
5413,585
5414,650
5415,660
5416,590
5417,470
5418,585
5419,650
5420,660
5421,590
5422,470
5423,585
5424,650
5425,660
5426,590
5427,470
5428,585
5429,650
5430,660
5431,590
5432,470
5433,585
5434,650
5435,660
5436,590
5437,470
5438,585
5439,650
5440,660
5441,590
5442,470
5443,585
5444,650
5445,660
5446,590
5447,470
5448,585
5449,650
5450,660
5451,590
5452,470
5453,585
5454,650
5455,660
5456,590
5457,470
5458,585
5459,650
5460,660
5461,590
5462,470
5463,585
5464,650
5465,660
5466,590
5467,470
5468,585
5469,650
5470,660
5471,590
5472,470
5473,585
5474,650
5475,660
5476,590
5477,470
5478,585
5479,650
5480,660
5481,590
5482,470
5483,585
5484,650
5485,660
5486,590
5487,470
5488,585
5489,650
5490,660
5491,590
5492,470
5493,585
5494,650
5495,660
5496,590
5497,470
5498,585
5499,650
5500,660
5501,590
5502,470
5503,585
5504,650
5505,660
5506,590
5507,470
5508,585
5509,650
5510,660
5511,590
5512,470
5513,585
5514,650
5515,660
5516,590
5517,470
5518,585
5519,650
5520,660
5521,590
5522,470
5523,585
5524,650
5525,660
5526,590
5527,470
5528,585
5529,650
5530,660
5531,590
5532,470
5533,585
5534,650
5535,660
5536,590
5537,470
5538,585
5539,650
5540,660
5541,590
5542,470
5543,585
5544,650
5545,660
5546,590
5547,470
5548,585
5549,650
5550,660
5551,590
5552,470
5553,585
5554,650
5555,660
5556,590
5557,470
5558,585
5559,650
5560,660
5561,590
5562,470
5563,585
5564,650
5565,660
5566,590
5567,470
5568,585
5569,650
5570,660
5571,590
5572,470
5573,585
5574,650
5575,660
5576,590
5577,470
5578,585
5579,650
5580,660
5581,590
5582,470
5583,585
5584,650
5585,660
5586,590
5587,470
5588,585
5589,650
5590,660
5591,590
5592,470
5593,585
5594,650
5595,660
5596,590
5597,470
5598,585
5599,650
5600,660
5601,590
5602,470
5603,585
5604,650
5605,660
5606,590
5607,470
5608,585
5609,650
5610,660
5611,590
5612,470
5613,585
5614,650
5615,660
5616,590
5617,470
5618,585
5619,650
5620,660
5621,590
5622,470
5623,585
5624,650
5625,660
5626,590
5627,470
5628,585
5629,650
5630,660
5631,590
5632,470
5633,585
5634,650
5635,660
5636,590
5637,470
5638,585
5639,650
5640,660
5641,590
5642,470
5643,585
5644,650
5645,660
5646,590
5647,470
5648,585
5649,650
5650,660
5651,590
5652,470
5653,585
5654,650
5655,660
5656,590
5657,470
5658,585
5659,650
5660,660
5661,590
5662,470
5663,585
5664,650
5665,660
5666,590
5667,470
5668,585
5669,650
5670,660
5671,590
5672,470
5673,585
5674,650
5675,660
5676,590
5677,470
5678,585
5679,650
5680,660
5681,590
5682,470
5683,585
5684,650
5685,660
5686,590
5687,470
5688,585
5689,650
5690,660
5691,590
5692,470
5693,585
5694,650
5695,660
5696,590
5697,470
5698,585
5699,650
5700,660
5701,590
5702,470
5703,585
5704,650
5705,660
5706,590
5707,470
5708,585
5709,650
5710,660
5711,590
5712,470
5713,585
5714,650
5715,660
5716,590
5717,470
5718,585
5719,650
5720,660
5721,590
5722,470
5723,585
5724,650
5725,660
5726,590
5727,470
5728,585
5729,650
5730,660
5731,590
5732,470
5733,585
5734,650
5735,660
5736,590
5737,470
5738,585
5739,650
5740,660
5741,590
5742,470
5743,585
5744,650
5745,660
5746,590
5747,470
5748,585
5749,650
5750,660
5751,590
5752,470
5753,585
5754,650
5755,660
5756,590
5757,470
5758,585
5759,650
5760,660
5761,590
5762,470
5763,585
5764,650
5765,660
5766,590
5767,470
5768,585
5769,650
5770,660
5771,590
5772,470
5773,585
5774,650
5775,660
5776,590
5777,470
5778,585
5779,650
5780,660
5781,590
5782,470
5783,585
5784,650
5785,660
5786,590
5787,470
5788,585
5789,650
5790,660
5791,590
5792,470
5793,585
5794,650
5795,660
5796,590
5797,470
5798,585
5799,650
5800,660
5801,590
5802,470
5803,585
5804,650
5805,660
5806,590
5807,470
5808,585
5809,650
5810,660
5811,590
5812,470
5813,585
5814,650
5815,660
5816,590
5817,470
5818,585
5819,650
5820,660
5821,590
5822,470
5823,585
5824,650
5825,660
5826,590
5827,470
5828,585
5829,650
5830,660
5831,590
5832,470
5833,585
5834,650
5835,660
5836,590
5837,470
5838,585
5839,650
5840,660
5841,590
5842,470
5843,585
5844,650
5845,660
5846,590
5847,470
5848,585
5849,650
5850,660
5851,590
5852,470
5853,585
5854,650
5855,660
5856,590
5857,470
5858,585
5859,650
5860,660
5861,590
5862,470
5863,585
5864,650
5865,660
5866,590
5867,470
5868,585
5869,650
5870,660
5871,590
5872,470
5873,585
5874,650
5875,660
5876,590
5877,470
5878,585
5879,650
5880,660
5881,590
5882,470
5883,585
5884,650
5885,660
5886,590
5887,470
5888,585
5889,650
5890,660
5891,590
5892,470
5893,585
5894,650
5895,660
5896,590
5897,470
5898,585
5899,650
5900,660
5901,590
5902,470
5903,585
5904,650
5905,660
5906,590
5907,470
5908,585
5909,650
5910,660
5911,590
5912,470
5913,585
5914,650
5915,660
5916,590
5917,470
5918,585
5919,650
5920,660
5921,590
5922,470
5923,585
5924,650
5925,660
5926,590
5927,470
5928,585
5929,650
5930,660
5931,590
5932,470
5933,585
5934,650
5935,660
5936,590
5937,470
5938,585
5939,650
5940,660
5941,590
5942,470
5943,585
5944,650
5945,660
5946,590
5947,470
5948,585
5949,650
5950,660
5951,590
5952,470
5953,585
5954,650
5955,660
5956,590
5957,470
5958,585
5959,650
5960,660
5961,590
5962,470
5963,585
5964,650
5965,660
5966,590
5967,470
5968,585
5969,650
5970,660
5971,590
5972,470
5973,585
5974,650
5975,660
5976,590
5977,470
5978,585
5979,650
5980,660
5981,590
5982,470
5983,585
5984,650
5985,660
5986,590
5987,470
5988,585
5989,650
5990,660
5991,590
5992,470
5993,585
5994,650
5995,660
5996,590
5997,470
5998,585
5999,650
6000,660
6001,590
6002,470
6003,585
6004,650
6005,660
6006,590
6007,470
6008,585
6009,650
6010,660
6011,590
6012,470
6013,585
6014,650
6015,660
6016,590
6017,470
6018,585
6019,650
6020,660
6021,590
6022,470
6023,585
6024,650
6025,660
6026,590
6027,470
6028,585
6029,650
6030,660
6031,590
6032,470
6033,585
6034,650
6035,660
6036,590
6037,470
6038,585
6039,650
6040,660
6041,590
6042,470
6043,585
6044,650
6045,660
6046,590
6047,470
6048,585
6049,650
6050,660
6051,590
6052,470
6053,585
6054,650
6055,660
6056,590
6057,470
6058,585
6059,650
6060,660
6061,590
6062,470
6063,585
6064,650
6065,660
6066,590
6067,470
6068,585
6069,650
6070,660
6071,590
6072,470
6073,585
6074,650
6075,660
6076,590
6077,470
6078,585
6079,650
6080,660
6081,590
6082,470
6083,585
6084,650
6085,660
6086,590
6087,470
6088,585
6089,650
6090,660
6091,590
6092,470
6093,585
6094,650
6095,660
6096,590
6097,470
6098,585
6099,650
6100,660
6101,590
6102,470
6103,585
6104,650
6105,660
6106,590
6107,470
6108,585
6109,650
6110,660
6111,590
6112,470
6113,585
6114,650
6115,660
6116,590
6117,470
6118,585
6119,650
6120,660
6121,590
6122,470
6123,585
6124,650
6125,660
6126,590
6127,470
6128,585
6129,650
6130,660
6131,590
6132,470
6133,585
6134,650
6135,660
6136,590
6137,470
6138,585
6139,650
6140,660
6141,590
6142,470
6143,585
6144,650
6145,660
6146,590
6147,470
6148,585
6149,650
6150,660
6151,590
6152,470
6153,585
6154,650
6155,660
6156,590
6157,470
6158,585
6159,650
6160,660
6161,590
6162,470
6163,585
6164,650
6165,660
6166,590
6167,470
6168,585
6169,650
6170,660
6171,590
6172,470
6173,585
6174,650
6175,660
6176,590
6177,470
6178,585
6179,650
6180,660
6181,590
6182,470
6183,585
6184,650
6185,660
6186,590
6187,470
6188,585
6189,650
6190,660
6191,590
6192,470
6193,585
6194,650
6195,660
6196,590
6197,470
6198,585
6199,650
6200,660
6201,590
6202,470
6203,585
6204,650
6205,660
6206,590
6207,470
6208,585
6209,650
6210,660
6211,590
6212,470
6213,585
6214,650
6215,660
6216,590
6217,470
6218,585
6219,650
6220,660
6221,590
6222,470
6223,585
6224,650
6225,660
6226,590
6227,470
6228,585
6229,650
6230,660
6231,590
6232,470
6233,585
6234,650
6235,660
6236,590
6237,470
6238,585
6239,650
6240,660
6241,590
6242,470
6243,585
6244,650
6245,660
6246,590
6247,470
6248,585
6249,650
6250,660
6251,590
6252,470
6253,585
6254,650
6255,660
6256,590
6257,470
6258,585
6259,650
6260,660
6261,590
6262,470
6263,585
6264,650
6265,660
6266,590
6267,470
6268,585
6269,650
6270,660
6271,590
6272,470
6273,585
6274,650
6275,660
6276,590
6277,470
6278,585
6279,650
6280,660
6281,590
6282,470
6283,585
6284,650
6285,660
6286,590
6287,470
6288,585
6289,650
6290,660
6291,590
6292,470
6293,585
6294,650
6295,660
6296,590
6297,470
6298,585
6299,650
6300,660
6301,590
6302,470
6303,585
6304,650
6305,660
6306,590
6307,470
6308,585
6309,650
6310,660
6311,590
6312,470
6313,585
6314,650
6315,660
6316,590
6317,470
6318,585
6319,650
6320,660
6321,590
6322,470
6323,585
6324,650
6325,660
6326,590
6327,470
6328,585
6329,650
6330,660
6331,590
6332,470
6333,585
6334,650
6335,660
6336,590
6337,470
6338,585
6339,650
6340,660
6341,590
6342,470
6343,585
6344,650
6345,660
6346,590
6347,470
6348,585
6349,650
6350,660
6351,590
6352,470
6353,585
6354,650
6355,660
6356,590
6357,470
6358,585
6359,650
6360,660
6361,590
6362,470
6363,585
6364,650
6365,660
6366,590
6367,470
6368,585
6369,650
6370,660
6371,590
6372,470
6373,585
6374,650
6375,660
6376,590
6377,470
6378,585
6379,650
6380,660
6381,590
6382,470
6383,585
6384,650
6385,660
6386,590
6387,470
6388,585
6389,650
6390,660
6391,590
6392,470
6393,585
6394,650
6395,660
6396,590
6397,470
6398,585
6399,650
6400,660
6401,590
6402,470
6403,585
6404,650
6405,660
6406,590
6407,470
6408,585
6409,650
6410,660
6411,590
6412,470
6413,585
6414,650
6415,660
6416,590
6417,470
6418,585
6419,650
6420,660
6421,590
6422,470
6423,585
6424,650
6425,660
6426,590
6427,470
6428,585
6429,650
6430,660
6431,590
6432,470
6433,585
6434,650
6435,660
6436,590
6437,470
6438,585
6439,650
6440,660
6441,590
6442,470
6443,585
6444,650
6445,660
6446,590
6447,470
6448,585
6449,650
6450,660
6451,590
6452,470
6453,585
6454,650
6455,660
6456,590
6457,470
6458,585
6459,650
6460,660
6461,590
6462,470
6463,585
6464,650
6465,660
6466,590
6467,470
6468,585
6469,650
6470,660
6471,590
6472,470
6473,585
6474,650
6475,660
6476,590
6477,470
6478,585
6479,650
6480,660
6481,590
6482,470
6483,585
6484,650
6485,660
6486,590
6487,470
6488,585
6489,650
6490,660
6491,590
6492,470
6493,585
6494,650
6495,660
6496,590
6497,470
6498,585
6499,650
6500,660
6501,590
6502,470
6503,585
6504,650
6505,660
6506,590
6507,470
6508,585
6509,650
6510,660
6511,590
6512,470
6513,585
6514,650
6515,660
6516,590
6517,470
6518,585
6519,650
6520,660
6521,590
6522,470
6523,585
6524,650
6525,660
6526,590
6527,470
6528,585
6529,650
6530,660
6531,590
6532,470
6533,585
6534,650
6535,660
6536,590
6537,470
6538,585
6539,650
6540,660
6541,590
6542,470
6543,585
6544,650
6545,660
6546,590
6547,470
6548,585
6549,650
6550,660
6551,590
6552,470
6553,585
6554,650
6555,660
6556,590
6557,470
6558,585
6559,650
6560,660
6561,590
6562,470
6563,585
6564,650
6565,660
6566,590
6567,470
6568,585
6569,650
6570,660
6571,590
6572,470
6573,585
6574,650
6575,660
6576,590
6577,470
6578,585
6579,650
6580,660
6581,590
6582,470
6583,585
6584,650
6585,660
6586,590
6587,470
6588,585
6589,650
6590,660
6591,590
6592,470
6593,585
6594,650
6595,660
6596,590
6597,470
6598,585
6599,650
6600,660
6601,590
6602,470
6603,585
6604,650
6605,660
6606,590
6607,470
6608,585
6609,650
6610,660
6611,590
6612,470
6613,585
6614,650
6615,660
6616,590
6617,470
6618,585
6619,650
6620,660
6621,590
6622,470
6623,585
6624,650
6625,660
6626,590
6627,470
6628,585
6629,650
6630,660
6631,590
6632,470
6633,585
6634,650
6635,660
6636,590
6637,470
6638,585
6639,650
6640,660
6641,590
6642,470
6643,585
6644,650
6645,660
6646,590
6647,470
6648,585
6649,650
6650,660
6651,590
6652,470
6653,585
6654,650
6655,660
6656,590
6657,470
6658,585
6659,650
6660,660
6661,590
6662,470
6663,585
6664,650
6665,660
6666,590
6667,470
6668,585
6669,650
6670,660
6671,590
6672,470
6673,585
6674,650
6675,660
6676,590
6677,470
6678,585
6679,650
6680,660
6681,590
6682,470
6683,585
6684,650
6685,660
6686,590
6687,470
6688,585
6689,650
6690,660
6691,590
6692,470
6693,585
6694,650
6695,660
6696,590
6697,470
6698,585
6699,650
6700,660
6701,590
6702,470
6703,585
6704,650
6705,660
6706,590
6707,470
6708,585
6709,650
6710,660
6711,590
6712,470
6713,585
6714,650
6715,660
6716,590
6717,470
6718,585
6719,650
6720,660
6721,590
6722,470
6723,585
6724,650
6725,660
6726,590
6727,470
6728,585
6729,650
6730,660
6731,590
6732,470
6733,585
6734,650
6735,660
6736,590
6737,470
6738,585
6739,650
6740,660
6741,590
6742,470
6743,585
6744,650
6745,660
6746,590
6747,470
6748,585
6749,650
6750,660
6751,590
6752,470
6753,585
6754,650
6755,660
6756,590
6757,470
6758,585
6759,650
6760,660
6761,590
6762,470
6763,585
6764,650
6765,660
6766,590
6767,470
6768,585
6769,650
6770,660
6771,590
6772,470
6773,585
6774,650
6775,660
6776,590
6777,470
6778,585
6779,650
6780,660
6781,590
6782,470
6783,585
6784,650
6785,660
6786,590
6787,470
6788,585
6789,650
6790,660
6791,590
6792,470
6793,585
6794,650
6795,660
6796,590
6797,470
6798,585
6799,650
6800,660
6801,590
6802,470
6803,585
6804,650
6805,660
6806,590
6807,470
6808,585
6809,650
6810,660
6811,590
6812,470
6813,585
6814,650
6815,660
6816,590
6817,470
6818,585
6819,650
6820,660
6821,590
6822,470
6823,585
6824,650
6825,660
6826,590
6827,470
6828,585
6829,650
6830,660
6831,590
6832,470
6833,585
6834,650
6835,660
6836,590
6837,470
6838,585
6839,650
6840,660
6841,590
6842,470
6843,585
6844,650
6845,660
6846,590
6847,470
6848,585
6849,650
6850,660
6851,590
6852,470
6853,585
6854,650
6855,660
6856,590
6857,470
6858,585
6859,650
6860,660
6861,590
6862,470
6863,585
6864,650
6865,660
6866,590
6867,470
6868,585
6869,650
6870,660
6871,590
6872,470
6873,585
6874,650
6875,660
6876,590
6877,470
6878,585
6879,650
6880,660
6881,590
6882,470
6883,585
6884,650
6885,660
6886,590
6887,470
6888,585
6889,650
6890,660
6891,590
6892,470
6893,585
6894,650
6895,660
6896,590
6897,470
6898,585
6899,650
6900,660
6901,590
6902,470
6903,585
6904,650
6905,660
6906,590
6907,470
6908,585
6909,650
6910,660
6911,590
6912,470
6913,585
6914,650
6915,660
6916,590
6917,470
6918,585
6919,650
6920,660
6921,590
6922,470
6923,585
6924,650
6925,660
6926,590
6927,470
6928,585
6929,650
6930,660
6931,590
6932,470
6933,585
6934,650
6935,660
6936,590
6937,470
6938,585
6939,650
6940,660
6941,590
6942,470
6943,585
6944,650
6945,660
6946,590
6947,470
6948,585
6949,650
6950,660
6951,590
6952,470
6953,585
6954,650
6955,660
6956,590
6957,470
6958,585
6959,650
6960,660
6961,590
6962,470
6963,585
6964,650
6965,660
6966,590
6967,470
6968,585
6969,650
6970,660
6971,590
6972,470
6973,585
6974,650
6975,660
6976,590
6977,470
6978,585
6979,650
6980,660
6981,590
6982,470
6983,585
6984,650
6985,660
6986,590
6987,470
6988,585
6989,650
6990,660
6991,590
6992,470
6993,585
6994,650
6995,660
6996,590
6997,470
6998,585
6999,650
7000,660
7001,590
7002,470
7003,585
7004,650
7005,660
7006,590
7007,470
7008,585
7009,650
7010,660
7011,590
7012,470
7013,585
7014,650
7015,660
7016,590
7017,470
7018,585
7019,650
7020,660
7021,590
7022,470
7023,585
7024,650
7025,660
7026,590
7027,470
7028,585
7029,650
7030,660
7031,590
7032,470
7033,585
7034,650
7035,660
7036,590
7037,470
7038,585
7039,650
7040,660
7041,590
7042,470
7043,585
7044,650
7045,660
7046,590
7047,470
7048,585
7049,650
7050,660
7051,590
7052,470
7053,585
7054,650
7055,660
7056,590
7057,470
7058,585
7059,650
7060,660
7061,590
7062,470
7063,585
7064,650
7065,660
7066,590
7067,470
7068,585
7069,650
7070,660
7071,590
7072,470
7073,585
7074,650
7075,660
7076,590
7077,470
7078,585
7079,650
7080,660
7081,590
7082,470
7083,585
7084,650
7085,660
7086,590
7087,470
7088,585
7089,650
7090,660
7091,590
7092,470
7093,585
7094,650
7095,660
7096,590
7097,470
7098,585
7099,650
7100,660
7101,590
7102,470
7103,585
7104,650
7105,660
7106,590
7107,470
7108,585
7109,650
7110,660
7111,590
7112,470
7113,585
7114,650
7115,660
7116,590
7117,470
7118,585
7119,650
7120,660
7121,590
7122,470
7123,585
7124,650
7125,660
7126,590
7127,470
7128,585
7129,650
7130,660
7131,590
7132,470
7133,585
7134,650
7135,660
7136,590
7137,470
7138,585
7139,650
7140,660
7141,590
7142,470
7143,585
7144,650
7145,660
7146,590
7147,470
7148,585
7149,650
7150,660
7151,590
7152,470
7153,585
7154,650
7155,660
7156,590
7157,470
7158,585
7159,650
7160,660
7161,590
7162,470
7163,585
7164,650
7165,660
7166,590
7167,470
7168,585
7169,650
7170,660
7171,590
7172,470
7173,585
7174,650
7175,660
7176,590
7177,470
7178,585
7179,650
7180,660
7181,590
7182,470
7183,585
7184,650
7185,660
7186,590
7187,470
7188,585
7189,650
7190,660
7191,590
7192,470
7193,585
7194,650
7195,660
7196,590
7197,470
7198,585
7199,650
7200,660
7201,590
7202,470
7203,585
7204,650
7205,660
7206,590
7207,470
7208,585
7209,650
7210,660
7211,590
7212,470
7213,585
7214,650
7215,660
7216,590
7217,470
7218,585
7219,650
7220,660
7221,590
7222,470
7223,585
7224,650
7225,660
7226,590
7227,470
7228,585
7229,650
7230,660
7231,590
7232,470
7233,585
7234,650
7235,660
7236,590
7237,470
7238,585
7239,650
7240,660
7241,590
7242,470
7243,585
7244,650
7245,660
7246,590
7247,470
7248,585
7249,650
7250,660
7251,590
7252,470
7253,585
7254,650
7255,660
7256,590
7257,470
7258,585
7259,650
7260,660
7261,590
7262,470
7263,585
7264,650
7265,660
7266,590
7267,470
7268,585
7269,650
7270,660
7271,590
7272,470
7273,585
7274,650
7275,660
7276,590
7277,470
7278,585
7279,650
7280,660
7281,590
7282,470
7283,585
7284,650
7285,660
7286,590
7287,470
7288,585
7289,650
7290,660
7291,590
7292,470
7293,585
7294,650
7295,660
7296,590
7297,470
7298,585
7299,650
7300,660
7301,590
7302,470
7303,585
7304,650
7305,660
7306,590
7307,470
7308,585
7309,650
7310,660
7311,590
7312,470
7313,585
7314,650
7315,660
7316,590
7317,470
7318,585
7319,650
7320,660
7321,590
7322,470
7323,585
7324,650
7325,660
7326,590
7327,470
7328,585
7329,650
7330,660
7331,590
7332,470
7333,585
7334,650
7335,660
7336,590
7337,470
7338,585
7339,650
7340,660
7341,590
7342,470
7343,585
7344,650
7345,660
7346,590
7347,470
7348,585
7349,650
7350,660
7351,590
7352,470
7353,585
7354,650
7355,660
7356,590
7357,470
7358,585
7359,650
7360,660
7361,590
7362,470
7363,585
7364,650
7365,660
7366,590
7367,470
7368,585
7369,650
7370,660
7371,590
7372,470
7373,585
7374,650
7375,660
7376,590
7377,470
7378,585
7379,650
7380,660
7381,590
7382,470
7383,585
7384,650
7385,660
7386,590
7387,470
7388,585
7389,650
7390,660
7391,590
7392,470
7393,585
7394,650
7395,660
7396,590
7397,470
7398,585
7399,650
7400,660
7401,590
7402,470
7403,585
7404,650
7405,660
7406,590
7407,470
7408,585
7409,650
7410,660
7411,590
7412,470
7413,585
7414,650
7415,660
7416,590
7417,470
7418,585
7419,650
7420,660
7421,590
7422,470
7423,585
7424,650
7425,660
7426,590
7427,470
7428,585
7429,650
7430,660
7431,590
7432,470
7433,585
7434,650
7435,660
7436,590
7437,470
7438,585
7439,650
7440,660
7441,590
7442,470
7443,585
7444,650
7445,660
7446,590
7447,470
7448,585
7449,650
7450,660
7451,590
7452,470
7453,585
7454,650
7455,660
7456,590
7457,470
7458,585
7459,650
7460,660
7461,590
7462,470
7463,585
7464,650
7465,660
7466,590
7467,470
7468,585
7469,650
7470,660
7471,590
7472,470
7473,585
7474,650
7475,660
7476,590
7477,470
7478,585
7479,650
7480,660
7481,590
7482,470
7483,585
7484,650
7485,660
7486,590
7487,470
7488,585
7489,650
7490,660
7491,590
7492,470
7493,585
7494,650
7495,660
7496,590
7497,470
7498,585
7499,650
7500,660
7501,590
7502,470
7503,585
7504,650
7505,660
7506,590
7507,470
7508,585
7509,650
7510,660
7511,590
7512,470
7513,585
7514,650
7515,660
7516,590
7517,470
7518,585
7519,650
7520,660
7521,590
7522,470
7523,585
7524,650
7525,660
7526,590
7527,470
7528,585
7529,650
7530,660
7531,590
7532,470
7533,585
7534,650
7535,660
7536,590
7537,470
7538,585
7539,650
7540,660
7541,590
7542,470
7543,585
7544,650
7545,660
7546,590
7547,470
7548,585
7549,650
7550,660
7551,590
7552,470
7553,585
7554,650
7555,660
7556,590
7557,470
7558,585
7559,650
7560,660
7561,590
7562,470
7563,585
7564,650
7565,660
7566,590
7567,470
7568,585
7569,650
7570,660
7571,590
7572,470
7573,585
7574,650
7575,660
7576,590
7577,470
7578,585
7579,650
7580,660
7581,590
7582,470
7583,585
7584,650
7585,660
7586,590
7587,470
7588,585
7589,650
7590,660
7591,590
7592,470
7593,585
7594,650
7595,660
7596,590
7597,470
7598,585
7599,650
7600,660
7601,590
7602,470
7603,585
7604,650
7605,660
7606,590
7607,470
7608,585
7609,650
7610,660
7611,590
7612,470
7613,585
7614,650
7615,660
7616,590
7617,470
7618,585
7619,650
7620,660
7621,590
7622,470
7623,585
7624,650
7625,660
7626,590
7627,470
7628,585
7629,650
7630,660
7631,590
7632,470
7633,585
7634,650
7635,660
7636,590
7637,470
7638,585
7639,650
7640,660
7641,590
7642,470
7643,585
7644,650
7645,660
7646,590
7647,470
7648,585
7649,650
7650,660
7651,590
7652,470
7653,585
7654,650
7655,660
7656,590
7657,470
7658,585
7659,650
7660,660
7661,590
7662,470
7663,585
7664,650
7665,660
7666,590
7667,470
7668,585
7669,650
7670,660
7671,590
7672,470
7673,585
7674,650
7675,660
7676,590
7677,470
7678,585
7679,650
7680,660
7681,590
7682,470
7683,585
7684,650
7685,660
7686,590
7687,470
7688,585
7689,650
7690,660
7691,590
7692,470
7693,585
7694,650
7695,660
7696,590
7697,470
7698,585
7699,650
7700,660
7701,590
7702,470
7703,585
7704,650
7705,660
7706,590
7707,470
7708,585
7709,650
7710,660
7711,590
7712,470
7713,585
7714,650
7715,660
7716,590
7717,470
7718,585
7719,650
7720,660
7721,590
7722,470
7723,585
7724,650
7725,660
7726,590
7727,470
7728,585
7729,650
7730,660
7731,590
7732,470
7733,585
7734,650
7735,660
7736,590
7737,470
7738,585
7739,650
7740,660
7741,590
7742,470
7743,585
7744,650
7745,660
7746,590
7747,470
7748,585
7749,650
7750,660
7751,590
7752,470
7753,585
7754,650
7755,660
7756,590
7757,470
7758,585
7759,650
7760,660
7761,590
7762,470
7763,585
7764,650
7765,660
7766,590
7767,470
7768,585
7769,650
7770,660
7771,590
7772,470
7773,585
7774,650
7775,660
7776,590
7777,470
7778,585
7779,650
7780,660
7781,590
7782,470
7783,585
7784,650
7785,660
7786,590
7787,470
7788,585
7789,650
7790,660
7791,590
7792,470
7793,585
7794,650
7795,660
7796,590
7797,470
7798,585
7799,650
7800,660
7801,590
7802,470
7803,585
7804,650
7805,660
7806,590
7807,470
7808,585
7809,650
7810,660
7811,590
7812,470
7813,585
7814,650
7815,660
7816,590
7817,470
7818,585
7819,650
7820,660
7821,590
7822,470
7823,585
7824,650
7825,660
7826,590
7827,470
7828,585
7829,650
7830,660
7831,590
7832,470
7833,585
7834,650
7835,660
7836,590
7837,470
7838,585
7839,650
7840,660
7841,590
7842,470
7843,585
7844,650
7845,660
7846,590
7847,470
7848,585
7849,650
7850,660
7851,590
7852,470
7853,585
7854,650
7855,660
7856,590
7857,470
7858,585
7859,650
7860,660
7861,590
7862,470
7863,585
7864,650
7865,660
7866,590
7867,470
7868,585
7869,650
7870,660
7871,590
7872,470
7873,585
7874,650
7875,660
7876,590
7877,470
7878,585
7879,650
7880,660
7881,590
7882,470
7883,585
7884,650
7885,660
7886,590
7887,470
7888,585
7889,650
7890,660
7891,590
7892,470
7893,585
7894,650
7895,660
7896,590
7897,470
7898,585
7899,650
7900,660
7901,590
7902,470
7903,585
7904,650
7905,660
7906,590
7907,470
7908,585
7909,650
7910,660
7911,590
7912,470
7913,585
7914,650
7915,660
7916,590
7917,470
7918,585
7919,650
7920,660
7921,590
7922,470
7923,585
7924,650
7925,660
7926,590
7927,470
7928,585
7929,650
7930,660
7931,590
7932,470
7933,585
7934,650
7935,660
7936,590
7937,470
7938,585
7939,650
7940,660
7941,590
7942,470
7943,585
7944,650
7945,660
7946,590
7947,470
7948,585
7949,650
7950,660
7951,590
7952,470
7953,585
7954,650
7955,660
7956,590
7957,470
7958,585
7959,650
7960,660
7961,590
7962,470
7963,585
7964,650
7965,660
7966,590
7967,470
7968,585
7969,650
7970,660
7971,590
7972,470
7973,585
7974,650
7975,660
7976,590
7977,470
7978,585
7979,650
7980,660
7981,590
7982,470
7983,585
7984,650
7985,660
7986,590
7987,470
7988,585
7989,650
7990,660
7991,590
7992,470
7993,585
7994,650
7995,660
7996,590
7997,470
7998,585
7999,650
8000,660
8001,590
8002,470
8003,585
8004,650
8005,660
8006,590
8007,470
8008,585
8009,650
8010,660
8011,590
8012,470
8013,585
8014,650
8015,660
8016,590
8017,470
8018,585
8019,650
8020,660
8021,590
8022,470
8023,585
8024,650
8025,660
8026,590
8027,470
8028,585
8029,650
8030,660
8031,590
8032,470
8033,585
8034,650
8035,660
8036,590
8037,470
8038,585
8039,650
8040,660
8041,590
8042,470
8043,585
8044,650
8045,660
8046,590
8047,470
8048,585
8049,650
8050,660
8051,590
8052,470
8053,585
8054,650
8055,660
8056,590
8057,470
8058,585
8059,650
8060,660
8061,590
8062,470
8063,585
8064,650
8065,660
8066,590
8067,470
8068,585
8069,650
8070,660
8071,590
8072,470
8073,585
8074,650
8075,660
8076,590
8077,470
8078,585
8079,650
8080,660
8081,590
8082,470
8083,585
8084,650
8085,660
8086,590
8087,470
8088,585
8089,650
8090,660
8091,590
8092,470
8093,585
8094,650
8095,660
8096,590
8097,470
8098,585
8099,650
8100,660
8101,590
8102,470
8103,585
8104,650
8105,660
8106,590
8107,470
8108,585
8109,650
8110,660
8111,590
8112,470
8113,585
8114,650
8115,660
8116,590
8117,470
8118,585
8119,650
8120,660
8121,590
8122,470
8123,585
8124,650
8125,660
8126,590
8127,470
8128,585
8129,650
8130,660
8131,590
8132,470
8133,585
8134,650
8135,660
8136,590
8137,470
8138,585
8139,650
8140,660
8141,590
8142,470
8143,585
8144,650
8145,660
8146,590
8147,470
8148,585
8149,650
8150,660
8151,590
8152,470
8153,585
8154,650
8155,660
8156,590
8157,470
8158,585
8159,650
8160,660
8161,590
8162,470
8163,585
8164,650
8165,660
8166,590
8167,470
8168,585
8169,650
8170,660
8171,590
8172,470
8173,585
8174,650
8175,660
8176,590
8177,470
8178,585
8179,650
8180,660
8181,590
8182,470
8183,585
8184,650
8185,660
8186,590
8187,470
8188,585
8189,650
8190,660
8191,590
8192,470
8193,585
8194,650
8195,660
8196,590
8197,470
8198,585
8199,650
8200,660
8201,590
8202,470
8203,585
8204,650
8205,660
8206,590
8207,470
8208,585
8209,650
8210,660
8211,590
8212,470
8213,585
8214,650
8215,660
8216,590
8217,470
8218,585
8219,650
8220,660
8221,590
8222,470
8223,585
8224,650
8225,660
8226,590
8227,470
8228,585
8229,650
8230,660
8231,590
8232,470
8233,585
8234,650
8235,660
8236,590
8237,470
8238,585
8239,650
8240,660
8241,590
8242,470
8243,585
8244,650
8245,660
8246,590
8247,470
8248,585
8249,650
8250,660
8251,590
8252,470
8253,585
8254,650
8255,660
8256,590
8257,470
8258,585
8259,650
8260,660
8261,590
8262,470
8263,585
8264,650
8265,660
8266,590
8267,470
8268,585
8269,650
8270,660
8271,590
8272,470
8273,585
8274,650
8275,660
8276,590
8277,470
8278,585
8279,650
8280,660
8281,590
8282,470
8283,585
8284,650
8285,660
8286,590
8287,470
8288,585
8289,650
8290,660
8291,590
8292,470
8293,585
8294,650
8295,660
8296,590
8297,470
8298,585
8299,650
8300,660
8301,590
8302,470
8303,585
8304,650
8305,660
8306,590
8307,470
8308,585
8309,650
8310,660
8311,590
8312,470
8313,585
8314,650
8315,660
8316,590
8317,470
8318,585
8319,650
8320,660
8321,590
8322,470
8323,585
8324,650
8325,660
8326,590
8327,470
8328,585
8329,650
8330,660
8331,590
8332,470
8333,585
8334,650
8335,660
8336,590
8337,470
8338,585
8339,650
8340,660
8341,590
8342,470
8343,585
8344,650
8345,660
8346,590
8347,470
8348,585
8349,650
8350,660
8351,590
8352,470
8353,585
8354,650
8355,660
8356,590
8357,470
8358,585
8359,650
8360,660
8361,590
8362,470
8363,585
8364,650
8365,660
8366,590
8367,470
8368,585
8369,650
8370,660
8371,590
8372,470
8373,585
8374,650
8375,660
8376,590
8377,470
8378,585
8379,650
8380,660
8381,590
8382,470
8383,585
8384,650
8385,660
8386,590
8387,470
8388,585
8389,650
8390,660
8391,590
8392,470
8393,585
8394,650
8395,660
8396,590
8397,470
8398,585
8399,650
8400,660
8401,590
8402,470
8403,585
8404,650
8405,660
8406,590
8407,470
8408,585
8409,650
8410,660
8411,590
8412,470
8413,585
8414,650
8415,660
8416,590
8417,470
8418,585
8419,650
8420,660
8421,590
8422,470
8423,585
8424,650
8425,660
8426,590
8427,470
8428,585
8429,650
8430,660
8431,590
8432,470
8433,585
8434,650
8435,660
8436,590
8437,470
8438,585
8439,650
8440,660
8441,590
8442,470
8443,585
8444,650
8445,660
8446,590
8447,470
8448,585
8449,650
8450,660
8451,590
8452,470
8453,585
8454,650
8455,660
8456,590
8457,470
8458,585
8459,650
8460,660
8461,590
8462,470
8463,585
8464,650
8465,660
8466,590
8467,470
8468,585
8469,650
8470,660
8471,590
8472,470
8473,585
8474,650
8475,660
8476,590
8477,470
8478,585
8479,650
8480,660
8481,590
8482,470
8483,585
8484,650
8485,660
8486,590
8487,470
8488,585
8489,650
8490,660
8491,590
8492,470
8493,585
8494,650
8495,660
8496,590
8497,470
8498,585
8499,650
8500,660
8501,590
8502,470
8503,585
8504,650
8505,660
8506,590
8507,470
8508,585
8509,650
8510,660
8511,590
8512,470
8513,585
8514,650
8515,660
8516,590
8517,470
8518,585
8519,650
8520,660
8521,590
8522,470
8523,585
8524,650
8525,660
8526,590
8527,470
8528,585
8529,650
8530,660
8531,590
8532,470
8533,585
8534,650
8535,660
8536,590
8537,470
8538,585
8539,650
8540,660
8541,590
8542,470
8543,585
8544,650
8545,660
8546,590
8547,470
8548,585
8549,650
8550,660
8551,590
8552,470
8553,585
8554,650
8555,660
8556,590
8557,470
8558,585
8559,650
8560,660
8561,590
8562,470
8563,585
8564,650
8565,660
8566,590
8567,470
8568,585
8569,650
8570,660
8571,590
8572,470
8573,585
8574,650
8575,660
8576,590
8577,470
8578,585
8579,650
8580,660
8581,590
8582,470
8583,585
8584,650
8585,660
8586,590
8587,470
8588,585
8589,650
8590,660
8591,590
8592,470
8593,585
8594,650
8595,660
8596,590
8597,470
8598,585
8599,650
8600,660
8601,590
8602,470
8603,585
8604,650
8605,660
8606,590
8607,470
8608,585
8609,650
8610,660
8611,590
8612,470
8613,585
8614,650
8615,660
8616,590
8617,470
8618,585
8619,650
8620,660
8621,590
8622,470
8623,585
8624,650
8625,660
8626,590
8627,470
8628,585
8629,650
8630,660
8631,590
8632,470
8633,585
8634,650
8635,660
8636,590
8637,470
8638,585
8639,650
8640,660
8641,590
8642,470
8643,585
8644,650
8645,660
8646,590
8647,470
8648,585
8649,650
8650,660
8651,590
8652,470
8653,585
8654,650
8655,660
8656,590
8657,470
8658,585
8659,650
8660,660
8661,590
8662,470
8663,585
8664,650
8665,660
8666,590
8667,470
8668,585
8669,650
8670,660
8671,590
8672,470
8673,585
8674,650
8675,660
8676,590
8677,470
8678,585
8679,650
8680,660
8681,590
8682,470
8683,585
8684,650
8685,660
8686,590
8687,470
8688,585
8689,650
8690,660
8691,590
8692,470
8693,585
8694,650
8695,660
8696,590
8697,470
8698,585
8699,650
8700,660
8701,590
8702,470
8703,585
8704,650
8705,660
8706,590
8707,470
8708,585
8709,650
8710,660
8711,590
8712,470
8713,585
8714,650
8715,660
8716,590
8717,470
8718,585
8719,650
8720,660
8721,590
8722,470
8723,585
8724,650
8725,660
8726,590
8727,470
8728,585
8729,650
8730,660
8731,590
8732,470
8733,585
8734,650
8735,660
8736,590
8737,470
8738,585
8739,650
8740,660
8741,590
8742,470
8743,585
8744,650
8745,660
8746,590
8747,470
8748,585
8749,650
8750,660
8751,590
8752,470
8753,585
8754,650
8755,660
8756,590
8757,470
8758,585
8759,650
8760,660
